time,x,y,section,r,g,b,orange,blue
12393.946348745,0.0,0.0,STRAIGHT,6800.0,6600.0,8200.0,False,False
12393.965697812,0.0,0.0,STRAIGHT,7400.0,6600.0,8600.0,False,False
12393.985788527,0.5249999098938922,-0.00030758966980067937,STRAIGHT,7000.0,6600.0,8400.0,False,False
12394.005828058,0.5249999098938922,-0.00030758966980067937,STRAIGHT,7000.0,6600.0,8400.0,False,False
12394.025874866,0.5249999098938922,-0.00030758966980067937,STRAIGHT,7000.0,6600.0,11600.0,False,False
12394.046266434,0.5249999098938922,-0.00030758966980067937,STRAIGHT,7000.0,6600.0,8000.0,False,False
12394.066091261,0.5249999098938922,-0.00030758966980067937,STRAIGHT,7000.0,7000.0,9200.0,False,False
12394.086149754,1.0499971444524276,0.0013964367061800934,STRAIGHT,7200.0,6600.0,8000.0,False,False
12394.106259748,1.5749924358804264,0.0036199425935073007,STRAIGHT,7200.0,6800.0,8600.0,False,False
12394.126303168,1.5749924358804264,0.0036199425935073007,STRAIGHT,7000.0,6600.0,8400.0,False,False
12394.146661791,1.5749924358804264,0.0036199425935073007,STRAIGHT,7000.0,6600.0,8400.0,False,False
12394.166460877,1.5749924358804264,0.0036199425935073007,STRAIGHT,7200.0,6600.0,13200.0,False,False
12394.186729982,1.5749924358804264,0.0036199425935073007,STRAIGHT,7000.0,6600.0,8400.0,False,False
12394.206658568,1.5749924358804264,0.0036199425935073007,STRAIGHT,7200.0,7200.0,8400.0,False,False
12394.22669508,1.5749924358804264,0.0036199425935073007,STRAIGHT,7000.0,6600.0,8400.0,False,False
12394.247535815,1.5749924358804264,0.0036199425935073007,STRAIGHT,7000.0,6600.0,8400.0,False,False
12394.2668654,1.5749924358804264,0.0036199425935073007,STRAIGHT,8800.0,6800.0,8600.0,False,False
12394.286922838,1.5749924358804264,0.0036199425935073007,STRAIGHT,8800.0,6800.0,8600.0,False,False
12394.307028795,1.5749924358804264,0.0036199425935073007,STRAIGHT,7200.0,6800.0,11600.0,False,False
12394.327002122,1.5749924358804264,0.0036199425935073007,STRAIGHT,7000.0,6800.0,8400.0,False,False
12394.349747804,1.5749924358804264,0.0036199425935073007,STRAIGHT,7000.0,6800.0,8400.0,False,False
12394.369760779,1.5749924358804264,0.0036199425935073007,STRAIGHT,8000.0,12200.0,9200.0,False,False
12394.389827051,1.5749924358804264,0.0036199425935073007,STRAIGHT,7400.0,6600.0,8400.0,False,False
12394.40986347,1.5749924358804264,0.0036199425935073007,STRAIGHT,7000.0,6600.0,8400.0,False,False
12394.429915556,1.5749924358804264,0.0036199425935073007,STRAIGHT,7000.0,6600.0,8200.0,False,False
12394.450142957,1.5749924358804264,0.0036199425935073007,STRAIGHT,7000.0,6600.0,8200.0,False,False
12394.470133951,1.5749924358804264,0.0036199425935073007,STRAIGHT,7200.0,6800.0,12400.0,False,False
12394.490214926,1.5749924358804264,0.0036199425935073007,STRAIGHT,7200.0,6800.0,8400.0,False,False
12394.510259531,1.5749924358804264,0.0036199425935073007,STRAIGHT,7200.0,6400.0,8600.0,False,False
12394.530314802,1.5749924358804264,0.0036199425935073007,STRAIGHT,7000.0,6800.0,8400.0,False,False
12394.550560314,1.5749924358804264,0.0036199425935073007,STRAIGHT,7000.0,6800.0,8200.0,False,False
12394.570511937,1.5749924358804264,0.0036199425935073007,STRAIGHT,7400.0,6800.0,8600.0,False,False
12394.590788524,1.5749924358804264,0.0036199425935073007,STRAIGHT,7200.0,6800.0,8400.0,False,False
12394.610713036,1.5749924358804264,0.0036199425935073007,STRAIGHT,7200.0,6800.0,8400.0,False,False
12394.630765548,1.5749924358804264,0.0036199425935073007,STRAIGHT,7200.0,6800.0,11400.0,False,False
12394.65183858,1.5749924358804264,0.0036199425935073007,STRAIGHT,7200.0,6600.0,8600.0,False,False
12394.671520313,1.5749924358804264,0.0036199425935073007,STRAIGHT,7000.0,7200.0,10000.0,False,False
12394.6915639,1.5749924358804264,0.0036199425935073007,STRAIGHT,7200.0,6800.0,8400.0,False,False
12394.711554597,1.5749924358804264,0.0036199425935073007,STRAIGHT,6800.0,6800.0,8400.0,False,False
12394.731567942,1.5749924358804264,0.0036199425935073007,STRAIGHT,7000.0,6600.0,8400.0,False,False
12394.751735917,1.5749924358804264,0.0036199425935073007,STRAIGHT,7000.0,6800.0,11400.0,False,False
12394.771728188,1.5749924358804264,0.0036199425935073007,STRAIGHT,7000.0,6800.0,11400.0,False,False
12394.791907793,1.5749924358804264,0.0036199425935073007,STRAIGHT,7400.0,6800.0,8600.0,False,False
12394.811859509,1.5749924358804264,0.0036199425935073007,STRAIGHT,7400.0,7000.0,15600.0,False,False
12394.831894873,1.5749924358804264,0.0036199425935073007,STRAIGHT,7600.0,6600.0,8600.0,False,False
12394.852172515,1.5749924358804264,0.0036199425935073007,STRAIGHT,7000.0,6600.0,8800.0,False,False
12394.872286027,1.5749924358804264,0.0036199425935073007,STRAIGHT,7400.0,6800.0,8400.0,False,False
12394.892416206,1.5749924358804264,0.0036199425935073007,STRAIGHT,7400.0,6800.0,8400.0,False,False
12394.912393014,1.5749924358804264,0.0036199425935073007,STRAIGHT,7000.0,6800.0,12600.0,False,False
12394.932532452,1.5749924358804264,0.0036199425935073007,STRAIGHT,7000.0,6800.0,8400.0,False,False
12394.952737409,1.5749924358804264,0.0036199425935073007,STRAIGHT,7000.0,6800.0,9000.0,False,False
12394.972503347,1.5749924358804264,0.0036199425935073007,STRAIGHT,5800.0,7000.0,8800.0,False,False
12394.992730785,1.5749924358804264,0.0036199425935073007,STRAIGHT,7200.0,6600.0,8400.0,False,False
12395.012634519,1.5749924358804264,0.0036199425935073007,STRAIGHT,7200.0,6800.0,8400.0,False,False
12395.032689327,1.5749924358804264,0.0036199425935073007,STRAIGHT,6800.0,6600.0,8400.0,False,False
12395.053731304,1.5749924358804264,0.0036199425935073007,STRAIGHT,6800.0,6600.0,8400.0,False,False
12395.073049444,1.5749924358804264,0.0036199425935073007,STRAIGHT,11200.0,7000.0,13800.0,False,False
12395.093030382,1.5749924358804264,0.0036199425935073007,STRAIGHT,7000.0,6800.0,8600.0,False,False
12395.112956727,1.5749924358804264,0.0036199425935073007,STRAIGHT,7200.0,6400.0,8600.0,False,False
12395.133005203,1.5749924358804264,0.0036199425935073007,STRAIGHT,7200.0,6600.0,8600.0,False,False
12395.15321277,1.5749924358804264,0.0036199425935073007,STRAIGHT,7000.0,6600.0,8800.0,False,False
12395.173199431,1.5749924358804264,0.0036199425935073007,STRAIGHT,7400.0,6800.0,8600.0,False,False
12395.19324522,1.5749924358804264,0.0036199425935073007,STRAIGHT,7400.0,6800.0,8600.0,False,False
12395.213257621,1.5749924358804264,0.0036199425935073007,STRAIGHT,7000.0,6800.0,6400.0,False,False
12395.233299189,1.5749924358804264,0.0036199425935073007,STRAIGHT,7200.0,6600.0,8200.0,False,False
12395.254451147,1.5749924358804264,0.0036199425935073007,STRAIGHT,7000.0,6600.0,8200.0,False,False
12395.274013195,1.5749924358804264,0.0036199425935073007,STRAIGHT,7000.0,7200.0,9200.0,False,False
12395.294140948,1.5749924358804264,0.0036199425935073007,STRAIGHT,7200.0,6600.0,8600.0,False,False
12395.314195294,1.5749924358804264,0.0036199425935073007,STRAIGHT,7400.0,6800.0,8400.0,False,False
12395.334246158,1.5749924358804264,0.0036199425935073007,STRAIGHT,7200.0,6800.0,8400.0,False,False
12395.354473763,1.5749924358804264,0.0036199425935073007,STRAIGHT,6800.0,6800.0,9200.0,False,False
12395.374466589,1.5749924358804264,0.0036199425935073007,STRAIGHT,6800.0,6800.0,9200.0,False,False
12395.394824528,1.5749924358804264,0.0036199425935073007,STRAIGHT,7400.0,6800.0,9000.0,False,False
12395.414642021,1.5749924358804264,0.0036199425935073007,STRAIGHT,7200.0,6800.0,8400.0,False,False
12395.434691403,1.5749924358804264,0.0036199425935073007,STRAIGHT,7000.0,6800.0,8800.0,False,False
12395.454974786,1.5749924358804264,0.0036199425935073007,STRAIGHT,7000.0,6600.0,8400.0,False,False
12395.474857724,1.5749924358804264,0.0036199425935073007,STRAIGHT,7400.0,8400.0,8600.0,False,False
12395.495084959,1.5749924358804264,0.0036199425935073007,STRAIGHT,7000.0,6800.0,8400.0,False,False
12395.515059859,1.5749924358804264,0.0036199425935073007,STRAIGHT,7000.0,6800.0,8400.0,False,False
12395.535073242,1.5749924358804264,0.0036199425935073007,STRAIGHT,11800.0,6600.0,11800.0,False,False
12395.555280513,1.5749924358804264,0.0036199425935073007,STRAIGHT,7000.0,6600.0,8400.0,False,False
12395.575328674,1.5749924358804264,0.0036199425935073007,STRAIGHT,6800.0,11200.0,8600.0,False,False
12395.595714612,1.5749924358804264,0.0036199425935073007,STRAIGHT,7200.0,6800.0,8400.0,False,False
12395.61942787,1.5749924358804264,0.0036199425935073007,STRAIGHT,7000.0,4600.0,5600.0,False,False
12395.63969205,1.5749924358804264,0.0036199425935073007,STRAIGHT,7000.0,3400.0,7400.0,False,False
12395.65986934,1.5749924358804264,0.0036199425935073007,STRAIGHT,7000.0,3400.0,7400.0,False,False
12395.68018163,1.5749924358804264,0.0036199425935073007,STRAIGHT,13600.0,8000.0,8600.0,False,False
12395.705020983,1.5749924358804264,0.0036199425935073007,STRAIGHT,12600.0,8600.0,6000.0,False,False
12395.720109783,1.5749924358804264,0.0036199425935073007,STRAIGHT,12600.0,8600.0,6000.0,False,False
12395.740103295,1.5749924358804264,0.0036199425935073007,STRAIGHT,5800.0,7000.0,15400.0,False,False
12395.760717308,1.5749924358804264,0.0036199425935073007,STRAIGHT,7200.0,6800.0,8000.0,False,False
12395.780340005,1.5749924358804264,0.0036199425935073007,STRAIGHT,7200.0,6800.0,8000.0,False,False
12395.800365665,1.5749924358804264,0.0036199425935073007,STRAIGHT,7200.0,12200.0,8600.0,False,False
12395.820360214,1.5749924358804264,0.0036199425935073007,STRAIGHT,7000.0,6600.0,8600.0,False,False
12395.840354541,1.5749924358804264,0.0036199425935073007,STRAIGHT,7000.0,7000.0,8400.0,False,False
12395.86064859,1.5749924358804264,0.0036199425935073007,STRAIGHT,7400.0,6800.0,11600.0,False,False
12395.880565399,1.5749924358804264,0.0036199425935073007,STRAIGHT,7400.0,6800.0,11600.0,False,False
12395.900641744,1.5749924358804264,0.0036199425935073007,STRAIGHT,7200.0,7800.0,8600.0,False,False
12395.920691627,1.5749924358804264,0.0036199425935073007,STRAIGHT,7200.0,6800.0,8400.0,False,False
12395.940713657,1.5749924358804264,0.0036199425935073007,STRAIGHT,7200.0,6600.0,8800.0,False,False
12395.960973466,1.5749924358804264,0.0036199425935073007,STRAIGHT,7000.0,6400.0,8400.0,False,False
12395.981042478,1.5749924358804264,0.0036199425935073007,STRAIGHT,7000.0,7000.0,8600.0,False,False
12396.001225768,1.5749924358804264,0.0036199425935073007,STRAIGHT,7000.0,6800.0,8400.0,False,False
12396.021074909,1.5749924358804264,0.0036199425935073007,STRAIGHT,7000.0,6800.0,8400.0,False,False
12396.041117107,1.5749924358804264,0.0036199425935073007,STRAIGHT,7000.0,6800.0,8400.0,False,False
12396.06247025,1.5749924358804264,0.0036199425935073007,STRAIGHT,11400.0,6600.0,12600.0,False,False
12396.082393707,1.5749924358804264,0.0036199425935073007,STRAIGHT,7000.0,7000.0,9600.0,False,False
12396.102490219,1.5749924358804264,0.0036199425935073007,STRAIGHT,7200.0,6800.0,8400.0,False,False
12396.122549101,1.5749924358804264,0.0036199425935073007,STRAIGHT,7000.0,7000.0,8600.0,False,False
12396.142537576,1.5749924358804264,0.0036199425935073007,STRAIGHT,7000.0,6600.0,8400.0,False,False
12396.162721033,1.5749924358804264,0.0036199425935073007,STRAIGHT,7000.0,6600.0,8400.0,False,False
12396.182681286,1.5749924358804264,0.0036199425935073007,STRAIGHT,7200.0,7400.0,8400.0,False,False
12396.202846446,1.5749924358804264,0.0036199425935073007,STRAIGHT,7200.0,7400.0,8400.0,False,False
12396.222801384,1.5749924358804264,0.0036199425935073007,STRAIGHT,7000.0,6800.0,13600.0,False,False
12396.242901767,1.5749924358804264,0.0036199425935073007,STRAIGHT,7000.0,6600.0,8400.0,False,False
12396.263048168,1.5749924358804264,0.0036199425935073007,STRAIGHT,6800.0,6600.0,8400.0,False,False
12396.28299855,1.5749924358804264,0.0036199425935073007,STRAIGHT,7600.0,6800.0,8600.0,False,False
12396.303423989,1.5749924358804264,0.0036199425935073007,STRAIGHT,6800.0,6600.0,8200.0,False,False
12396.323147222,1.5749924358804264,0.0036199425935073007,STRAIGHT,6800.0,6800.0,8200.0,False,False
12396.34320479,1.5749924358804264,0.0036199425935073007,STRAIGHT,6800.0,6800.0,8200.0,False,False
12396.363381747,1.5749924358804264,0.0036199425935073007,STRAIGHT,7000.0,6200.0,11200.0,False,False
12396.383408888,2.0999819997039237,0.006930210923121909,STRAIGHT,7000.0,7600.0,8400.0,False,False
12396.403485623,2.6249714102407884,0.01026470101238285,STRAIGHT,6800.0,6200.0,8000.0,False,False
12396.423523931,2.6249714102407884,0.01026470101238285,STRAIGHT,6800.0,6400.0,8200.0,False,False
12396.443609684,2.6249714102407884,0.01026470101238285,STRAIGHT,6800.0,10200.0,8000.0,False,False
12396.463743715,2.6249714102407884,0.01026470101238285,STRAIGHT,3000.0,6000.0,7400.0,False,False
12396.483711153,2.6249714102407884,0.01026470101238285,STRAIGHT,7000.0,6400.0,8200.0,False,False
12396.503790183,2.6249714102407884,0.01026470101238285,STRAIGHT,7000.0,6400.0,8200.0,False,False
12396.523824251,3.149957483893071,0.014088635002473534,STRAIGHT,6800.0,6000.0,11800.0,False,False
12396.5438548,3.149957483893071,0.014088635002473534,STRAIGHT,6800.0,6400.0,7600.0,False,False
12396.564407794,3.674940157765125,0.018353858812366803,STRAIGHT,6600.0,6400.0,12600.0,False,False
12396.584071361,3.674940157765125,0.018353858812366803,STRAIGHT,6800.0,7800.0,8400.0,False,False
12396.6042078,3.674940157765125,0.018353858812366803,STRAIGHT,7000.0,6600.0,8200.0,False,False
12396.624216145,3.674940157765125,0.018353858812366803,STRAIGHT,6800.0,6400.0,8000.0,False,False
12396.644256787,4.199920259994992,0.022924664290398737,STRAIGHT,6800.0,6600.0,8000.0,False,False
12396.665112263,4.724898879266265,0.0276627343645931,STRAIGHT,6800.0,6600.0,8000.0,False,False
12396.685015886,4.724898879266265,0.0276627343645931,STRAIGHT,11200.0,6600.0,9200.0,False,False
12396.705003213,5.249877751374584,0.032372706750708156,STRAIGHT,7200.0,6800.0,8800.0,False,False
12396.725058484,5.249877751374584,0.032372706750708156,STRAIGHT,7200.0,6600.0,8600.0,False,False
12396.745099385,5.7748575762227645,0.0369752606475436,STRAIGHT,7200.0,6800.0,8600.0,False,False
12396.76536286,6.299836427330137,0.04168757324153239,STRAIGHT,7400.0,6800.0,8800.0,False,False
12396.785267428,6.299836427330137,0.04168757324153239,STRAIGHT,7200.0,6800.0,8800.0,False,False
12396.805612848,6.824809264668182,0.04702799056994084,STRAIGHT,7000.0,6600.0,8600.0,False,False
12396.825467582,7.349783340624053,0.05224522875500967,STRAIGHT,7000.0,6600.0,8600.0,False,False
12396.845509038,7.874751796923175,0.05800021710571883,STRAIGHT,7200.0,6600.0,11600.0,False,False
12396.866334848,7.874751796923175,0.05800021710571883,STRAIGHT,7000.0,6800.0,8400.0,False,False
12396.886235045,8.399709026024656,0.06470153146151023,STRAIGHT,7200.0,7000.0,8800.0,False,False
12396.906299502,8.924662294405817,0.07170624529846702,STRAIGHT,7600.0,6800.0,8200.0,False,False
12396.926254384,9.449614636267455,0.07878005431348065,STRAIGHT,7000.0,6600.0,8400.0,False,False
12396.946329322,9.974564889689473,0.08600718598232752,STRAIGHT,7200.0,6800.0,8600.0,False,False
12396.966527723,10.499508889294932,0.09367512431181249,STRAIGHT,7200.0,7000.0,9200.0,False,False
12396.986445235,11.024446820393841,0.10174782482637662,STRAIGHT,7200.0,7000.0,9200.0,False,False
12397.006569673,11.549372286270494,0.11059402594206708,STRAIGHT,7400.0,7400.0,9600.0,False,False
12397.026558037,12.074285532679784,0.12013780632821991,STRAIGHT,7600.0,7400.0,9400.0,False,False
12397.046600623,12.599183267269927,0.1304996701632886,STRAIGHT,7400.0,7400.0,9600.0,False,False
12397.066824395,13.648947964710633,0.1527275807089451,STRAIGHT,7600.0,7400.0,9600.0,False,False
12397.086788259,14.173816807578449,0.16446205072683195,STRAIGHT,8200.0,8000.0,10200.0,False,False
12397.107079031,14.698670588490018,0.1768519120186794,STRAIGHT,8200.0,8000.0,10400.0,False,False
12397.127020561,15.223527340547026,0.18911526474820062,STRAIGHT,8000.0,7800.0,10400.0,False,False
12397.147073592,15.748387798132468,0.20121898579591294,STRAIGHT,8000.0,7800.0,10400.0,False,False
12397.167556716,16.273239511865754,0.21369610851049411,STRAIGHT,8600.0,8400.0,13600.0,False,False
12397.187329635,16.798059597102842,0.22743940257467354,STRAIGHT,8200.0,8800.0,11200.0,False,False
12397.207495091,17.322848824436655,0.2423144445705884,STRAIGHT,8600.0,8200.0,10400.0,False,False
12397.227524141,17.322848824436655,0.2423144445705884,STRAIGHT,8200.0,8200.0,9800.0,False,False
12397.247572727,18.37237386702636,0.2738926803838911,STRAIGHT,7800.0,7400.0,9400.0,False,False
12397.26781648,18.37237386702636,0.2738926803838911,STRAIGHT,7600.0,7200.0,12000.0,False,False
12397.287773825,18.37237386702636,0.2738926803838911,STRAIGHT,7600.0,7200.0,12000.0,False,False
12397.307894097,19.42182495975965,0.30783975626536286,STRAIGHT,7400.0,7200.0,9200.0,False,False
12397.327890905,19.42182495975965,0.30783975626536286,STRAIGHT,7200.0,7000.0,8800.0,False,False
12397.348020473,19.42182495975965,0.30783975626536286,STRAIGHT,7400.0,7000.0,9000.0,False,False
12397.368198078,20.471233336109837,0.3430826228637862,STRAIGHT,7400.0,7400.0,8400.0,False,False
12397.388121534,20.471233336109837,0.3430826228637862,STRAIGHT,7200.0,7400.0,9600.0,False,False
12397.408374454,20.471233336109837,0.3430826228637862,STRAIGHT,7200.0,7400.0,9600.0,False,False
12397.428388651,20.471233336109837,0.3430826228637862,STRAIGHT,11800.0,7200.0,15200.0,False,False
12397.448398811,20.995924589219275,0.3610850924289708,STRAIGHT,7600.0,7200.0,9400.0,False,False
12397.468636676,21.520614723418465,0.3791201436912719,STRAIGHT,7600.0,7800.0,9000.0,False,False
12397.488606169,21.520614723418465,0.3791201436912719,STRAIGHT,7800.0,7800.0,9600.0,False,False
12397.508884144,21.520614723418465,0.3791201436912719,STRAIGHT,12800.0,7600.0,9800.0,False,False
12397.528723434,21.520614723418465,0.3791201436912719,STRAIGHT,12800.0,7600.0,9800.0,False,False
12397.548770576,21.520614723418465,0.3791201436912719,STRAIGHT,12600.0,7600.0,15600.0,False,False
12397.569089718,21.520614723418465,0.3791201436912719,STRAIGHT,7800.0,7600.0,9400.0,False,False
12397.588946248,21.520614723418465,0.3791201436912719,STRAIGHT,9800.0,7800.0,9400.0,False,False
12397.609044594,21.520614723418465,0.3791201436912719,STRAIGHT,7800.0,7600.0,9800.0,False,False
12397.629075013,21.520614723418465,0.3791201436912719,STRAIGHT,7800.0,7600.0,9600.0,False,False
12397.649125636,21.520614723418465,0.3791201436912719,STRAIGHT,7800.0,7600.0,9600.0,False,False
12397.671631912,21.520614723418465,0.3791201436912719,STRAIGHT,7800.0,7600.0,14800.0,False,False
12397.691382868,21.520614723418465,0.3791201436912719,STRAIGHT,7800.0,7600.0,10000.0,False,False
12397.711355139,21.520614723418465,0.3791201436912719,STRAIGHT,8000.0,12600.0,9800.0,False,False
12397.73145204,21.520614723418465,0.3791201436912719,STRAIGHT,8400.0,7600.0,9400.0,False,False
12397.751502608,21.520614723418465,0.3791201436912719,STRAIGHT,7800.0,7600.0,9400.0,False,False
12397.772076676,21.520614723418465,0.3791201436912719,STRAIGHT,7800.0,7600.0,9400.0,False,False
12397.791625336,21.520614723418465,0.3791201436912719,STRAIGHT,7600.0,7800.0,15400.0,False,False
12397.811704477,21.520614723418465,0.3791201436912719,STRAIGHT,8000.0,7600.0,9800.0,False,False
12397.831716693,21.520614723418465,0.3791201436912719,STRAIGHT,7800.0,7800.0,9800.0,False,False
12397.851793428,21.520614723418465,0.3791201436912719,STRAIGHT,7800.0,7600.0,9800.0,False,False
12397.872078292,21.520614723418465,0.3791201436912719,STRAIGHT,7800.0,7800.0,10400.0,False,False
12397.891959748,21.520614723418465,0.3791201436912719,STRAIGHT,8400.0,7800.0,10400.0,False,False
12397.912072409,21.520614723418465,0.3791201436912719,STRAIGHT,8400.0,7800.0,10400.0,False,False
12397.932091254,21.520614723418465,0.3791201436912719,STRAIGHT,8000.0,7600.0,13200.0,False,False
12397.952125581,21.520614723418465,0.3791201436912719,STRAIGHT,8000.0,7600.0,9600.0,False,False
12397.973625984,21.520614723418465,0.3791201436912719,STRAIGHT,7800.0,7600.0,9800.0,False,False
12397.99358157,21.520614723418465,0.3791201436912719,STRAIGHT,11600.0,8600.0,9800.0,False,False
12398.013761564,21.520614723418465,0.3791201436912719,STRAIGHT,11600.0,8600.0,9800.0,False,False
12398.033795113,21.520614723418465,0.3791201436912719,STRAIGHT,7800.0,7600.0,14800.0,False,False
12398.053750514,21.520614723418465,0.3791201436912719,STRAIGHT,8000.0,7800.0,9800.0,False,False
12398.07391173,21.520614723418465,0.3791201436912719,STRAIGHT,7800.0,8000.0,10600.0,False,False
12398.094094502,21.520614723418465,0.3791201436912719,STRAIGHT,8400.0,7800.0,9600.0,False,False
12398.114376292,21.520614723418465,0.3791201436912719,STRAIGHT,8400.0,7800.0,9600.0,False,False
12398.1343296,21.520614723418465,0.3791201436912719,STRAIGHT,2600.0,19400.0,16800.0,False,False
12398.154392501,21.520614723418465,0.3791201436912719,STRAIGHT,8000.0,4400.0,10000.0,False,False
12398.174894514,21.520614723418465,0.3791201436912719,STRAIGHT,12400.0,11200.0,10000.0,False,False
12398.194907786,21.520614723418465,0.3791201436912719,STRAIGHT,12400.0,11200.0,10000.0,False,False
12398.214830131,21.520614723418465,0.3791201436912719,STRAIGHT,18000.0,7800.0,9800.0,False,False
12398.234865198,21.520614723418465,0.3791201436912719,STRAIGHT,18000.0,7800.0,9800.0,False,False
12398.25483097,21.520614723418465,0.3791201436912719,STRAIGHT,8400.0,7800.0,15800.0,False,False
12398.275181353,21.520614723418465,0.3791201436912719,STRAIGHT,8000.0,7600.0,16400.0,False,False
12398.295079031,21.520614723418465,0.3791201436912719,STRAIGHT,8000.0,7600.0,16400.0,False,False
12398.315177395,21.520614723418465,0.3791201436912719,STRAIGHT,6200.0,8200.0,17000.0,False,False
12398.335145981,21.520614723418465,0.3791201436912719,STRAIGHT,8000.0,7800.0,9800.0,False,False
12398.355205475,21.520614723418465,0.3791201436912719,STRAIGHT,8000.0,7800.0,9800.0,False,False
12398.375410599,22.56998535393695,0.4154695564133959,STRAIGHT,7800.0,7400.0,9400.0,False,False
12398.395488814,22.56998535393695,0.4154695564133959,STRAIGHT,8200.0,7600.0,9600.0,False,False
12398.415427012,22.56998535393695,0.4154695564133959,STRAIGHT,8600.0,7200.0,9400.0,False,False
12398.43546845,22.56998535393695,0.4154695564133959,STRAIGHT,8600.0,7200.0,9400.0,False,False
12398.455545147,22.56998535393695,0.4154695564133959,STRAIGHT,7600.0,7200.0,11600.0,False,False
12398.475867382,23.094667295985314,0.43374138413687924,STRAIGHT,7400.0,7200.0,9200.0,False,False
12398.495746134,23.619345246885068,0.4521274614682149,STRAIGHT,7600.0,7200.0,15400.0,False,False
12398.515821184,23.619345246885068,0.4521274614682149,STRAIGHT,7400.0,7400.0,9200.0,False,False
12398.535884066,23.619345246885068,0.4521274614682149,STRAIGHT,7400.0,7200.0,9200.0,False,False
12398.5559508,23.619345246885068,0.4521274614682149,STRAIGHT,7600.0,7800.0,9000.0,False,False
12398.576693795,23.619345246885068,0.4521274614682149,STRAIGHT,7400.0,6800.0,9200.0,False,False
12398.596678103,23.619345246885068,0.4521274614682149,STRAIGHT,7800.0,7200.0,9600.0,False,False
12398.616805079,24.143998627400563,0.4712017979879017,STRAIGHT,7800.0,7200.0,9600.0,False,False
12398.636836832,24.66866073172195,0.4900346493136176,STRAIGHT,7800.0,7600.0,13600.0,False,False
12398.656698047,24.66866073172195,0.4900346493136176,STRAIGHT,7600.0,7600.0,9800.0,False,False
12398.677001319,24.66866073172195,0.4900346493136176,STRAIGHT,7600.0,7800.0,16400.0,False,False
12398.696802682,25.193302050205475,0.5094379206838135,STRAIGHT,8800.0,8400.0,12000.0,False,False
12398.716984287,25.717949400113465,0.5286774174163238,STRAIGHT,8400.0,8600.0,11000.0,False,False
12398.736985911,25.717949400113465,0.5286774174163238,STRAIGHT,9000.0,8400.0,11000.0,False,False
12398.757038812,26.242592650733176,0.5480283755111319,STRAIGHT,8600.0,8400.0,10400.0,False,False
12398.777206009,26.76722442065939,0.5676881309544599,STRAIGHT,8600.0,8400.0,10400.0,False,False
12398.797140336,27.291845212786388,0.5876386815242475,STRAIGHT,8000.0,7800.0,14800.0,False,False
12398.817234533,27.291845212786388,0.5876386815242475,STRAIGHT,7800.0,12000.0,9400.0,False,False
12398.837255619,27.81646030670969,0.6077385130619833,STRAIGHT,7400.0,7400.0,9200.0,False,False
12398.857383132,28.341081967662507,0.6276662038240635,STRAIGHT,7600.0,7600.0,9800.0,False,False
12398.877597978,28.865715407992806,0.6472813328626157,STRAIGHT,7600.0,8000.0,10400.0,False,False
12398.897485971,29.390348520747736,0.6669052213934188,STRAIGHT,7600.0,8000.0,10400.0,False,False
12398.917589668,29.914982826187494,0.6864971982140791,STRAIGHT,9200.0,8200.0,12800.0,False,False
12398.93761594,30.439617119060994,0.7060895115313848,STRAIGHT,8000.0,8000.0,10000.0,False,False
12398.957650452,30.439617119060994,0.7060895115313848,STRAIGHT,8000.0,7600.0,9400.0,False,False
12398.978392169,30.964238871490117,0.7260147939183305,STRAIGHT,7800.0,9800.0,9000.0,False,False
12398.998619237,31.48884452674554,0.746359485462429,STRAIGHT,7800.0,7200.0,9800.0,False,False
12399.018705471,32.01344944360428,0.7667232082957584,STRAIGHT,8200.0,7200.0,8800.0,False,False
12399.038704317,32.538052331079435,0.7871391445400254,STRAIGHT,8200.0,7200.0,8800.0,False,False
12399.058762755,32.538052331079435,0.7871391445400254,STRAIGHT,7200.0,6800.0,9000.0,False,False
12399.07917186,33.062656664039004,0.8075179040716354,STRAIGHT,7000.0,6800.0,8800.0,False,False
12399.099135391,33.58724877509115,0.8282088929763747,STRAIGHT,7000.0,7200.0,10000.0,False,False
12399.119237255,33.58724877509115,0.8282088929763747,STRAIGHT,7400.0,7400.0,9000.0,False,False
12399.139122896,34.111805093473,0.8497882545440889,STRAIGHT,7400.0,12200.0,9400.0,False,False
12399.159136964,34.636321832072326,0.8723091543734707,STRAIGHT,7800.0,7200.0,9400.0,False,False
12399.179363032,35.16080997612291,0.8954864439124391,STRAIGHT,7600.0,7200.0,10800.0,False,False
12399.199346544,35.16080997612291,0.8954864439124391,STRAIGHT,7600.0,7200.0,10800.0,False,False
12399.219376389,35.68526425793994,0.9194177264477631,STRAIGHT,7800.0,8000.0,12200.0,False,False
12399.239436068,36.20968864154017,0.943995478288023,STRAIGHT,7600.0,7600.0,10800.0,False,False
12399.259488043,36.20968864154017,0.943995478288023,STRAIGHT,7800.0,7600.0,9600.0,False,False
12399.279660537,36.73409917652554,0.9688669638960925,STRAIGHT,7600.0,7600.0,9800.0,False,False
12399.299626012,37.258489573688856,0.9941594798424471,STRAIGHT,8000.0,8000.0,10600.0,False,False
12399.319720228,37.258489573688856,0.9941594798424471,STRAIGHT,8200.0,8400.0,11000.0,False,False
12399.339753629,37.782847961614756,1.0201071389227554,STRAIGHT,8000.0,8400.0,10600.0,False,False
12399.359812641,38.30721048842698,1.045971022526994,STRAIGHT,8000.0,8400.0,10600.0,False,False
12399.380079172,38.30721048842698,1.045971022526994,STRAIGHT,8000.0,8600.0,16400.0,False,False
12399.400031277,38.83157887306473,1.071715870407726,STRAIGHT,8200.0,9800.0,11400.0,False,False
12399.420109919,39.355959905907106,1.0972017958403888,STRAIGHT,8200.0,8400.0,10800.0,False,False
12399.440134042,39.355959905907106,1.0972017958403888,STRAIGHT,8000.0,8600.0,10600.0,False,False
12399.460212665,40.40472217572419,1.1481694464446288,STRAIGHT,8000.0,8600.0,11000.0,False,False
12399.480441752,40.40472217572419,1.1481694464446288,STRAIGHT,9000.0,8800.0,11400.0,False,False
12399.500346227,41.45353573299462,1.1980705695356328,STRAIGHT,11400.0,10200.0,12600.0,False,False
12399.520502461,41.45353573299462,1.1980705695356328,STRAIGHT,11400.0,10200.0,12600.0,False,False
12399.540457473,42.50225291718087,1.2499576352886745,STRAIGHT,9200.0,9600.0,18200.0,False,False
12399.560495559,42.50225291718087,1.2499576352886745,STRAIGHT,9000.0,9000.0,11800.0,False,False
12399.580676609,43.02663938837129,1.27533141767247,STRAIGHT,8600.0,8800.0,12200.0,False,False
12399.600701547,43.55103550551503,1.3005050611227746,STRAIGHT,8000.0,9200.0,11600.0,False,False
12399.621057708,43.55103550551503,1.3005050611227746,STRAIGHT,8800.0,8800.0,11400.0,False,False
12399.640894571,43.55103550551503,1.3005050611227746,STRAIGHT,9000.0,9000.0,11400.0,False,False
12399.660944917,43.55103550551503,1.3005050611227746,STRAIGHT,8600.0,9000.0,11400.0,False,False
12399.681132003,44.0754828193009,1.3245885630023813,STRAIGHT,8600.0,9000.0,11400.0,False,False
12399.701037089,44.0754828193009,1.3245885630023813,STRAIGHT,8600.0,9200.0,17400.0,False,False
12399.721241064,44.0754828193009,1.3245885630023813,STRAIGHT,9200.0,9400.0,11600.0,False,False
12399.741333799,44.0754828193009,1.3245885630023813,STRAIGHT,8800.0,9200.0,11800.0,False,False
12399.761394385,44.0754828193009,1.3245885630023813,STRAIGHT,8800.0,9000.0,12000.0,False,False
12399.781783787,44.0754828193009,1.3245885630023813,STRAIGHT,8800.0,9200.0,12200.0,False,False
12399.801592132,44.0754828193009,1.3245885630023813,STRAIGHT,9600.0,9400.0,11800.0,False,False
12399.82169544,44.0754828193009,1.3245885630023813,STRAIGHT,9600.0,9400.0,11800.0,False,False
12399.841816805,44.0754828193009,1.3245885630023813,STRAIGHT,8800.0,9600.0,16000.0,False,False
12399.861871058,44.599933771011,1.3485927136928215,STRAIGHT,9200.0,9000.0,12000.0,False,False
12399.882354496,44.599933771011,1.3485927136928215,STRAIGHT,9000.0,9000.0,11800.0,False,False
12399.902279971,44.599933771011,1.3485927136928215,STRAIGHT,9200.0,9800.0,12000.0,False,False
12399.922480113,44.599933771011,1.3485927136928215,STRAIGHT,9000.0,9000.0,11800.0,False,False
12399.942466218,44.599933771011,1.3485927136928215,STRAIGHT,9600.0,9200.0,11400.0,False,False
12399.962543563,44.599933771011,1.3485927136928215,STRAIGHT,8400.0,8800.0,11200.0,False,False
12399.982771724,45.12440385007929,1.3721752530409277,STRAIGHT,8400.0,8800.0,11200.0,False,False
12400.002699366,45.12440385007929,1.3721752530409277,STRAIGHT,8400.0,8600.0,16600.0,False,False
12400.022893526,45.64887596859074,1.395712391866833,STRAIGHT,8400.0,8800.0,11200.0,False,False
12400.04280089,45.64887596859074,1.395712391866833,STRAIGHT,8400.0,8800.0,11200.0,False,False
12400.063124236,45.64887596859074,1.395712391866833,STRAIGHT,8400.0,8600.0,11400.0,False,False
12400.08392899,46.1733598772022,1.4189853291038048,STRAIGHT,8600.0,9400.0,15400.0,False,False
12400.103907373,46.1733598772022,1.4189853291038048,STRAIGHT,8600.0,9400.0,15400.0,False,False
12400.124053866,46.69785589926628,1.441983651628593,STRAIGHT,12400.0,10000.0,11400.0,False,False
12400.144037601,46.69785589926628,1.441983651628593,STRAIGHT,8600.0,9000.0,12200.0,False,False
12400.164081335,47.2223591810492,1.4648158087528453,STRAIGHT,8400.0,8400.0,10800.0,False,False
12400.184898682,47.2223591810492,1.4648158087528453,STRAIGHT,8200.0,8000.0,10200.0,False,False
12400.204797157,47.746856524840226,1.487783968369112,STRAIGHT,8400.0,8600.0,10000.0,False,False
12400.224882484,48.271347758188455,1.510891242999646,STRAIGHT,8000.0,7800.0,10000.0,False,False
12400.244916181,48.271347758188455,1.510891242999646,STRAIGHT,8000.0,7600.0,9600.0,False,False
12400.264980064,48.271347758188455,1.510891242999646,STRAIGHT,8000.0,7600.0,9600.0,False,False
12400.285264539,48.7958391334196,1.533995296932754,STRAIGHT,12400.0,7400.0,16200.0,False,False
12400.305196866,49.320319534825394,1.5573471392843592,STRAIGHT,8000.0,8800.0,12200.0,False,False
12400.32538586,49.320319534825394,1.5573471392843592,STRAIGHT,8600.0,9000.0,11400.0,False,False
12400.345395205,49.844770087019626,1.58136001714526,STRAIGHT,8600.0,8800.0,11200.0,False,False
12400.365404106,50.36920222996925,1.6057716422707353,STRAIGHT,8600.0,8800.0,11200.0,False,False
12400.385784582,50.36920222996925,1.6057716422707353,STRAIGHT,13800.0,8800.0,16800.0,False,False
12400.405691149,50.89359110876301,1.6310956190006625,STRAIGHT,8000.0,11400.0,12400.0,False,False
12400.425883717,51.417974545062584,1.6565320443518796,STRAIGHT,8400.0,8800.0,11200.0,False,False
12400.4459256,51.942370501170046,1.6817090421502594,STRAIGHT,8400.0,8600.0,11200.0,False,False
12400.466087612,52.466765835422464,1.7068989888412112,STRAIGHT,8400.0,8600.0,11200.0,False,False
12400.486461292,52.466765835422464,1.7068989888412112,STRAIGHT,13400.0,8600.0,17600.0,False,False
12400.506398229,53.515545919777196,1.7574987384540575,STRAIGHT,8400.0,9000.0,18600.0,False,False
12400.526828038,53.515545919777196,1.7574987384540575,STRAIGHT,8600.0,8800.0,11000.0,False,False
12400.546615198,54.0399280608217,1.782961852041677,STRAIGHT,8400.0,8800.0,11000.0,False,False
12400.566689988,54.56430151325719,1.8086032712864166,STRAIGHT,8600.0,8800.0,11000.0,False,False
12400.588129799,55.08866766503958,1.8343935575377943,STRAIGHT,9200.0,9000.0,11600.0,False,False
12400.608488089,55.61300900109042,1.8606835424830437,STRAIGHT,9200.0,9000.0,11600.0,False,False
12400.638768673,56.66166549652122,1.913783020736424,STRAIGHT,9200.0,13800.0,16600.0,False,False
12400.65889287,57.185986089356895,1.9404835062835344,STRAIGHT,9200.0,13800.0,16600.0,False,False
12400.678927345,57.71032216478324,1.9668782028434906,STRAIGHT,11000.0,12000.0,5200.0,False,False
12400.699048136,58.23464178972469,1.9935976882662974,STRAIGHT,8600.0,6200.0,6000.0,False,False
12400.719389,58.75895932398699,2.0203581678042117,STRAIGHT,8600.0,6200.0,6000.0,False,False
12400.740866385,59.28322966204926,2.048027873767184,STRAIGHT,7000.0,6200.0,5800.0,False,False
12400.760141377,59.80747408729296,2.0761842691490835,STRAIGHT,6000.0,4600.0,3000.0,False,False
12400.77977687,60.331682735413374,2.1049990784624013,STRAIGHT,6000.0,4600.0,3000.0,False,False
12400.800287235,60.855830307468196,2.1349043072532767,STRAIGHT,11400.0,3200.0,3200.0,True,False
12400.820181265,61.37997802038576,2.164807067047187,CORNER,6000.0,1400.0,5000.0,True,False
12400.840166703,61.90414606393223,2.194351307173848,CORNER,6600.0,6600.0,8600.0,True,False
12400.860191234,62.42830504660452,2.224055867159614,CORNER,7800.0,7600.0,10800.0,True,False
12400.880541117,62.42830504660452,2.224055867159614,CORNER,7800.0,7600.0,10800.0,True,False
12400.900754667,62.952481457306384,2.2534512828517195,CORNER,9000.0,8600.0,12600.0,True,False
12400.920561253,63.47674701057515,2.2812114999940727,CORNER,9400.0,16000.0,11400.0,False,False
12400.940576746,63.47674701057515,2.2812114999940727,CORNER,6000.0,9000.0,11400.0,False,False
12400.960989259,64.00123787140222,2.3043272285978116,CORNER,6000.0,9000.0,11400.0,False,False
12400.980862863,64.00123787140222,2.3043272285978116,CORNER,8600.0,7000.0,10000.0,False,False
12401.000999061,64.52603243967275,2.319012633385142,CORNER,7600.0,7400.0,9200.0,False,False
12401.020958962,65.0508627803934,2.3323585488290712,CORNER,7600.0,7600.0,9400.0,False,False
12401.041037696,65.0508627803934,2.3323585488290712,CORNER,7400.0,7400.0,8800.0,False,False
12401.061079746,65.0508627803934,2.3323585488290712,CORNER,7400.0,7400.0,8800.0,False,False
12401.081145943,65.0508627803934,2.3323585488290712,CORNER,11800.0,7000.0,7200.0,False,False
12401.101722512,65.0508627803934,2.3323585488290712,CORNER,6600.0,7000.0,8800.0,False,False
12401.121462227,65.0508627803934,2.3323585488290712,CORNER,8200.0,7000.0,9400.0,False,False
12401.141569554,65.0508627803934,2.3323585488290712,CORNER,7200.0,11200.0,9000.0,False,False
12401.161559103,65.0508627803934,2.3323585488290712,CORNER,2600.0,7000.0,8600.0,False,False
12401.181645579,65.0508627803934,2.3323585488290712,CORNER,7200.0,7200.0,8800.0,False,False
12401.202418277,65.0508627803934,2.3323585488290712,CORNER,7200.0,7200.0,8800.0,False,False
12401.22234003,65.0508627803934,2.3323585488290712,CORNER,7000.0,7400.0,7000.0,False,False
12401.242450986,65.0508627803934,2.3323585488290712,CORNER,7200.0,7000.0,9000.0,False,False
12401.26248961,65.0508627803934,2.3323585488290712,CORNER,7400.0,7000.0,14600.0,False,False
12401.282526937,65.0508627803934,2.3323585488290712,CORNER,7000.0,2800.0,9000.0,False,False
12401.302776542,65.0508627803934,2.3323585488290712,CORNER,7000.0,6800.0,9000.0,False,False
12401.322666332,65.0508627803934,2.3323585488290712,CORNER,7000.0,12000.0,8600.0,False,False
12401.342829011,65.0508627803934,2.3323585488290712,CORNER,7000.0,7000.0,8800.0,False,False
12401.362905912,65.0508627803934,2.3323585488290712,CORNER,7200.0,7000.0,8800.0,False,False
12401.382955165,65.0508627803934,2.3323585488290712,CORNER,7200.0,7000.0,8800.0,False,False
12401.403952752,65.0508627803934,2.3323585488290712,CORNER,12000.0,7000.0,7200.0,False,False
12401.423153745,65.0508627803934,2.3323585488290712,CORNER,7000.0,7200.0,12200.0,False,False
12401.443457739,65.0508627803934,2.3323585488290712,CORNER,7400.0,9800.0,9000.0,False,False
12401.463402732,65.0508627803934,2.3323585488290712,CORNER,7200.0,7000.0,9000.0,False,False
12401.483413041,65.0508627803934,2.3323585488290712,CORNER,7200.0,12200.0,8800.0,False,False
12401.50383398,65.0508627803934,2.3323585488290712,CORNER,7000.0,7400.0,13000.0,False,False
12401.523669065,65.0508627803934,2.3323585488290712,CORNER,7000.0,7400.0,13000.0,False,False
12401.543776744,65.0508627803934,2.3323585488290712,CORNER,9200.0,7200.0,3800.0,False,False
12401.563663867,65.0508627803934,2.3323585488290712,CORNER,7400.0,7200.0,9000.0,False,False
12401.583715361,65.0508627803934,2.3323585488290712,CORNER,7400.0,7200.0,9400.0,False,False
12401.604046226,65.0508627803934,2.3323585488290712,CORNER,7200.0,6800.0,9200.0,False,False
12401.6238332,65.0508627803934,2.3323585488290712,CORNER,8000.0,12800.0,9400.0,False,False
12401.643928935,65.0508627803934,2.3323585488290712,CORNER,7200.0,7000.0,9000.0,False,False
12401.663968206,65.0508627803934,2.3323585488290712,CORNER,7200.0,7000.0,9000.0,False,False
12401.684006404,65.0508627803934,2.3323585488290712,CORNER,11600.0,7000.0,7400.0,False,False
12401.70461238,65.0508627803934,2.3323585488290712,CORNER,7400.0,7000.0,8800.0,False,False
12401.724329947,65.0508627803934,2.3323585488290712,CORNER,7400.0,7200.0,16200.0,False,False
12401.74441457,65.0508627803934,2.3323585488290712,CORNER,7400.0,7000.0,9000.0,False,False
12401.764428045,65.0508627803934,2.3323585488290712,CORNER,7400.0,11600.0,9000.0,False,False
12401.784502761,65.0508627803934,2.3323585488290712,CORNER,7800.0,7000.0,9000.0,False,False
12401.8048987,65.0508627803934,2.3323585488290712,CORNER,7000.0,7200.0,9600.0,False,False
12401.824672175,65.0508627803934,2.3323585488290712,CORNER,7000.0,7200.0,9600.0,False,False
12401.844822039,65.0508627803934,2.3323585488290712,CORNER,7600.0,7200.0,4400.0,False,False
12401.864852496,65.0508627803934,2.3323585488290712,CORNER,7200.0,7200.0,8000.0,False,False
12401.884894101,65.0508627803934,2.3323585488290712,CORNER,7200.0,7200.0,15000.0,False,False
12401.90509202,65.0508627803934,2.3323585488290712,CORNER,7000.0,7600.0,8400.0,False,False
12401.92506357,65.0508627803934,2.3323585488290712,CORNER,7200.0,7200.0,9000.0,False,False
12401.945138897,65.0508627803934,2.3323585488290712,CORNER,7600.0,11600.0,8800.0,False,False
12401.965234761,65.0508627803934,2.3323585488290712,CORNER,3000.0,7000.0,8800.0,False,False
12401.985224495,65.0508627803934,2.3323585488290712,CORNER,7000.0,7000.0,9000.0,False,False
12402.00564286,65.0508627803934,2.3323585488290712,CORNER,7000.0,6800.0,8400.0,False,False
12402.025449057,65.0508627803934,2.3323585488290712,CORNER,7000.0,6800.0,8400.0,False,False
12402.045535217,65.0508627803934,2.3323585488290712,CORNER,8400.0,7200.0,9000.0,False,False
12402.065591915,65.0508627803934,2.3323585488290712,CORNER,7400.0,6400.0,9200.0,False,False
12402.085613334,65.0508627803934,2.3323585488290712,CORNER,7200.0,6800.0,8800.0,False,False
12402.105798161,65.0508627803934,2.3323585488290712,CORNER,7000.0,11200.0,9200.0,False,False
12402.125772211,65.0508627803934,2.3323585488290712,CORNER,7800.0,7000.0,9800.0,False,False
12402.146021779,65.0508627803934,2.3323585488290712,CORNER,7800.0,7000.0,9800.0,False,False
12402.165878698,65.0508627803934,2.3323585488290712,CORNER,7200.0,7000.0,10400.0,False,False
12402.185915655,65.0508627803934,2.3323585488290712,CORNER,7000.0,7000.0,8800.0,False,False
12402.206989594,65.0508627803934,2.3323585488290712,CORNER,7000.0,7000.0,9200.0,False,False
12402.226741069,65.0508627803934,2.3323585488290712,CORNER,7800.0,13200.0,9600.0,False,False
12402.246897822,65.0508627803934,2.3323585488290712,CORNER,7600.0,7400.0,8800.0,False,False
12402.26692026,65.0508627803934,2.3323585488290712,CORNER,7600.0,7400.0,8800.0,False,False
12402.286947143,65.0508627803934,2.3323585488290712,CORNER,7000.0,7000.0,5000.0,False,False
12402.3071871,65.0508627803934,2.3323585488290712,CORNER,7000.0,7000.0,8800.0,False,False
12402.327089167,65.0508627803934,2.3323585488290712,CORNER,6800.0,8800.0,9000.0,False,False
12402.347276587,65.0508627803934,2.3323585488290712,CORNER,7600.0,12200.0,9600.0,False,False
12402.367279729,65.0508627803934,2.3323585488290712,CORNER,7400.0,7200.0,9200.0,False,False
12402.387315167,65.0508627803934,2.3323585488290712,CORNER,7400.0,7200.0,9200.0,False,False
12402.407720384,66.10080975273539,2.342911049475351,CORNER,11800.0,7000.0,12400.0,False,False
12402.427494895,66.10080975273539,2.342911049475351,CORNER,7000.0,7600.0,14600.0,False,False
12402.447738686,66.10080975273539,2.342911049475351,CORNER,6800.0,6600.0,8200.0,False,False
12402.467619235,66.62575971225066,2.3356626010262262,CORNER,6600.0,6800.0,8600.0,False,False
12402.487696599,66.62575971225066,2.3356626010262262,CORNER,6800.0,7200.0,9400.0,False,False
12402.507970611,67.15058747745005,2.3222157844582823,CORNER,7200.0,7600.0,10200.0,False,False
12402.527894401,67.15058747745005,2.3222157844582823,CORNER,7600.0,8200.0,10200.0,False,False
12402.547980321,67.67527224455087,2.304025260212407,CORNER,7600.0,8200.0,10200.0,False,False
12402.568105963,67.67527224455087,2.304025260212407,CORNER,7600.0,8200.0,11000.0,False,False
12402.588060475,67.67527224455087,2.304025260212407,CORNER,7800.0,8000.0,17000.0,False,False
12402.608914636,67.67527224455087,2.304025260212407,CORNER,7800.0,9000.0,10800.0,False,False
12402.628593926,68.19956374286862,2.2767594429364015,CORNER,8000.0,9800.0,11000.0,False,False
12402.64877192,68.72365867303526,2.2459454173371225,CORNER,12400.0,8400.0,11000.0,False,False
12402.668730913,68.72365867303526,2.2459454173371225,CORNER,12400.0,8400.0,11000.0,False,False
12402.688805907,68.72365867303526,2.2459454173371225,CORNER,13200.0,8400.0,7400.0,False,False
12402.709023216,69.24711133895562,2.2056675506996655,CORNER,7800.0,8400.0,10800.0,False,False
12402.728982135,69.24711133895562,2.2056675506996655,CORNER,8000.0,8600.0,18600.0,False,False
12402.749672649,69.7700200929113,2.1588547849566635,CORNER,8200.0,8600.0,11000.0,False,False
12402.76963429,70.29260423080964,2.108547540776069,CORNER,8000.0,9200.0,11200.0,False,False
12402.789718599,70.29260423080964,2.108547540776069,CORNER,8000.0,13600.0,11200.0,False,False
12402.809932797,70.29260423080964,2.108547540776069,CORNER,3200.0,8400.0,12600.0,False,False
12402.829942772,71.33555277070917,1.9870636195294817,CORNER,3200.0,8400.0,12600.0,False,False
12402.854874606,71.33555277070917,1.9870636195294817,CORNER,8000.0,7800.0,1200.0,False,False
12402.872421244,71.33555277070917,1.9870636195294817,CORNER,8000.0,7800.0,1200.0,False,False
12402.892810609,71.85567404297966,1.9156573023598689,CORNER,12800.0,19000.0,6800.0,False,False
12402.913242714,72.37525171662743,1.8403974787699848,CORNER,12800.0,19000.0,6800.0,False,False
12402.933535208,72.37525171662743,1.8403974787699848,CORNER,12800.0,19000.0,6800.0,False,False
12402.953140831,72.8937205876402,1.7578442850658424,CORNER,8400.0,7400.0,7600.0,False,False
12402.973647751,72.8937205876402,1.7578442850658424,CORNER,6600.0,19600.0,14400.0,False,False
12402.993093707,72.8937205876402,1.7578442850658424,CORNER,6600.0,19600.0,14400.0,False,False
12403.013636461,73.41056880787019,1.665687260129694,CORNER,9800.0,9400.0,11200.0,False,False
12403.034390752,73.92691197272323,1.5707412959735396,CORNER,9800.0,9400.0,11200.0,False,False
12403.054320246,73.92691197272323,1.5707412959735396,CORNER,6800.0,13200.0,24000.0,False,False
12403.07431911,73.92691197272323,1.5707412959735396,CORNER,8400.0,15200.0,10400.0,False,False
12403.094298751,73.92691197272323,1.5707412959735396,CORNER,7800.0,7800.0,10000.0,False,False
12403.115741525,74.44138378651625,1.466128902766398,CORNER,7800.0,7800.0,10000.0,False,False
12403.134357591,74.95537076994177,1.3591598377562226,CORNER,12200.0,7400.0,6400.0,False,False
12403.154489529,74.95537076994177,1.3591598377562226,CORNER,6600.0,5600.0,8400.0,False,False
12403.174513152,74.95537076994177,1.3591598377562226,CORNER,4600.0,4200.0,5400.0,False,False
12403.19454372,75.46761831787175,1.2441491876419444,CORNER,2600.0,4000.0,3800.0,False,False
12403.214744418,75.46761831787175,1.2441491876419444,CORNER,800.0,2000.0,3800.0,False,True
12403.2348218,75.97835566838533,1.1226075948008165,CORNER,2200.0,2400.0,4800.0,False,True
12403.255008424,76.48819772919913,0.9973635409493644,CORNER,2200.0,2400.0,4800.0,False,True
12403.275398881,76.48819772919913,0.9973635409493644,CORNER,3200.0,4000.0,17000.0,False,False
12403.295445597,77.50350091226046,0.7296707198548766,CORNER,3200.0,4000.0,17000.0,False,False
12403.315525998,77.50350091226046,0.7296707198548766,CORNER,6000.0,16000.0,26200.0,False,False
12403.335568084,77.50350091226046,0.7296707198548766,CORNER,8800.0,10000.0,19400.0,False,False
12403.355880653,78.51260927588379,0.4394978223171226,CORNER,9200.0,9000.0,12000.0,False,False
12403.375718942,78.51260927588379,0.4394978223171226,CORNER,8400.0,8400.0,11000.0,False,False
12403.395735084,79.01461560586236,0.28582725043868074,CORNER,7800.0,13800.0,10400.0,False,False
12403.415843763,79.51520754646921,0.12760996630241728,CORNER,7800.0,8400.0,11200.0,False,False
12403.435888905,80.01391808251638,-0.03644124897967074,CORNER,8000.0,8200.0,11200.0,False,False
12403.456159325,80.51101608808618,-0.20531567824158048,CORNER,8000.0,8200.0,11200.0,False,False
12403.476007096,81.00654230002633,-0.378748008792288,CORNER,13200.0,8800.0,17200.0,False,False
12403.496058312,81.00654230002633,-0.378748008792288,CORNER,8000.0,8600.0,17800.0,False,False
12403.516730085,81.98961908132755,-0.7476111840570496,CORNER,8200.0,3400.0,11600.0,False,False
12403.536314078,82.47881093152844,-0.9381796329068605,CORNER,8400.0,9000.0,11000.0,False,False
12403.556420534,82.96586550765913,-1.1341460582714027,CORNER,8600.0,13800.0,11200.0,False,False
12403.576425121,83.45074894161475,-1.3354246102221847,CORNER,3200.0,8400.0,10400.0,False,False
12403.596562466,83.93340175419901,-1.541994846472452,CORNER,7600.0,7000.0,8400.0,False,False
12403.616764164,84.41375683528122,-1.7538532805233669,CORNER,7200.0,6800.0,9800.0,False,False
12403.63665175,84.8916912958352,-1.9711172936847352,CORNER,7200.0,6800.0,9800.0,False,False
12403.656939485,85.36703662213618,-2.1939890522451355,CORNER,7800.0,8200.0,4600.0,False,False
12403.676877256,85.83957201972507,-2.4227581454931064,CORNER,8200.0,8600.0,11000.0,False,False
12403.696878509,86.30954305191739,-2.6567500874485903,CORNER,8200.0,8400.0,18000.0,False,False
12403.717734745,86.77687815126284,-2.895963182658262,CORNER,8400.0,8800.0,10800.0,False,False
12403.737623109,87.24188942465345,-3.139662824881285,CORNER,9000.0,8000.0,10800.0,False,False
12403.75772614,87.70455110541869,-3.3877941795132203,CORNER,8400.0,14000.0,11200.0,False,False
12403.777806059,88.16469016797414,-3.640572824003999,CORNER,8800.0,8200.0,10000.0,False,False
12403.797828349,88.62240661491376,-3.897712191275873,CORNER,7600.0,6800.0,8600.0,False,False
12403.818014084,89.07785781684301,-4.158842815028022,CORNER,7600.0,6800.0,8600.0,False,False
12403.837924189,89.07785781684301,-4.158842815028022,CORNER,6800.0,6400.0,9400.0,False,False
12403.858366202,89.97877258197593,-4.69815032097012,CORNER,7000.0,7200.0,14400.0,False,False
12403.878133399,89.97877258197593,-4.69815032097012,CORNER,7400.0,3000.0,10400.0,False,False
12403.898132189,89.97877258197593,-4.69815032097012,CORNER,7800.0,8400.0,10600.0,False,False
12403.918549405,90.86537015516097,-5.260684536127187,CORNER,8000.0,8800.0,11400.0,False,False
12403.938239398,90.86537015516097,-5.260684536127187,CORNER,12000.0,9200.0,11200.0,False,False
12403.958703596,91.30344902924146,-5.550014624580433,CORNER,12000.0,9200.0,11200.0,False,False
12403.97837346,91.7395955576013,-5.842249471577951,CORNER,8400.0,8800.0,7000.0,False,False
12403.998415157,91.7395955576013,-5.842249471577951,CORNER,8600.0,8800.0,11400.0,False,False
12404.018973411,92.17209678200102,-6.139852715667725,CORNER,8800.0,9000.0,19000.0,False,False
12404.038602312,92.17209678200102,-6.139852715667725,CORNER,10200.0,9400.0,11400.0,False,False
12404.058689454,92.17209678200102,-6.139852715667725,CORNER,8600.0,8600.0,11600.0,False,False
12404.078698614,93.02730721256331,-6.749044901646353,CORNER,8800.0,8800.0,11200.0,False,False
12404.098771645,93.02730721256331,-6.749044901646353,CORNER,8800.0,8800.0,11200.0,False,False
12404.119304639,93.02730721256331,-6.749044901646353,CORNER,14200.0,8800.0,17200.0,False,False
12404.139188688,93.86940856873599,-7.376233315069436,CORNER,8600.0,9000.0,11600.0,False,False
12404.159265682,93.86940856873599,-7.376233315069436,CORNER,8400.0,8200.0,17200.0,False,False
12404.179318009,94.28488579195889,-7.697175174263564,CORNER,8400.0,3600.0,10600.0,False,False
12404.199343429,94.69724900779468,-8.022108364666694,CORNER,8200.0,8600.0,10400.0,False,False
12404.219594145,95.10658003830335,-8.350853109815134,CORNER,8200.0,8600.0,10400.0,False,False
12404.239545583,95.51266766284287,-8.68359601536814,CORNER,10200.0,9000.0,11600.0,False,False
12404.259863207,95.9157707971926,-9.019948305500709,CORNER,8600.0,9000.0,11600.0,False,False
12404.279899738,96.31532615822509,-9.360507424406922,CORNER,8600.0,9000.0,11600.0,False,False
12404.29995838,96.71095280542627,-9.705622703733063,CORNER,14000.0,8800.0,9000.0,False,False
12404.323976472,97.10258648426922,-10.05526260648437,CORNER,8600.0,8800.0,11600.0,False,False
12404.342757593,97.87718419942749,-10.764133807529777,CORNER,8000.0,9200.0,21800.0,False,False
12404.362839587,97.87718419942749,-10.764133807529777,CORNER,8200.0,8800.0,11400.0,False,False
12404.382879914,98.63295645174621,-11.493042788559034,CORNER,8400.0,14200.0,11000.0,False,False
12404.402941982,99.38154507730388,-12.229327427598616,CORNER,10200.0,9200.0,11200.0,False,False
12404.423111772,99.75086468541132,-12.602460148044548,CORNER,9000.0,9200.0,10400.0,False,False
12404.443078099,100.11506323521886,-12.980592950533426,CORNER,9000.0,9200.0,10400.0,False,False
12404.463269352,100.47294662097899,-13.364708144449079,CORNER,14200.0,8800.0,8400.0,False,False
12404.483297142,101.17625003586032,-14.144364675632035,CORNER,8400.0,8000.0,10200.0,False,False
12404.503262525,101.86673658059858,-14.935394593862316,CORNER,8200.0,8400.0,11400.0,False,False
12404.524278391,102.20688237737481,-15.335301879286643,CORNER,9200.0,9200.0,19000.0,False,False
12404.54421468,102.87736929179162,-16.143353423184585,CORNER,11000.0,10000.0,10800.0,False,False
12404.564304452,103.20724159296859,-16.55177632278279,CORNER,8000.0,7600.0,9200.0,False,False
12404.584355687,103.53120543551785,-16.96490152017543,CORNER,8000.0,7600.0,9200.0,False,False
12404.604429662,104.16975694209431,-17.798419350487986,CORNER,12000.0,7000.0,6000.0,False,False
12404.625008897,104.48461244326845,-18.218527685778273,CORNER,7000.0,7000.0,8200.0,False,False
12404.644972983,104.79444716338442,-18.642352468218665,CORNER,6800.0,7200.0,14600.0,False,False
12404.665114644,105.09983299220224,-19.069394030080343,CORNER,7200.0,6800.0,9000.0,False,False
12404.685145304,105.40141022007103,-19.499133690375945,CORNER,7600.0,7400.0,9600.0,False,False
12404.705202798,105.69934587982773,-19.93140599187736,CORNER,7800.0,12600.0,9800.0,False,False
12404.72867763,105.69934587982773,-19.93140599187736,CORNER,3200.0,7800.0,10200.0,False,False
12404.747698122,106.28188326217094,-20.80499067476318,CORNER,3200.0,7800.0,10200.0,False,False
12404.767796635,106.28188326217094,-20.80499067476318,CORNER,10600.0,5400.0,15000.0,False,False
12404.788026296,106.28188326217094,-20.80499067476318,CORNER,7400.0,7800.0,8600.0,False,False
12404.808049437,106.28188326217094,-20.80499067476318,CORNER,7200.0,6800.0,8600.0,False,False
12404.828302932,106.28188326217094,-20.80499067476318,CORNER,11800.0,6200.0,8800.0,False,False
12404.848205758,106.28188326217094,-20.80499067476318,CORNER,11800.0,6200.0,8800.0,False,False
12404.868265011,106.5633594379561,-21.2481567412274,CORNER,7400.0,6800.0,5600.0,False,False
12404.88838645,106.5633594379561,-21.2481567412274,CORNER,7000.0,6400.0,8600.0,False,False
12404.908476295,106.5633594379561,-21.2481567412274,CORNER,7000.0,6600.0,8200.0,False,False
12404.928619919,106.5633594379561,-21.2481567412274,CORNER,6800.0,6400.0,13400.0,False,False
12404.948577801,106.5633594379561,-21.2481567412274,CORNER,6800.0,8400.0,8400.0,False,False
12404.968653703,106.5633594379561,-21.2481567412274,CORNER,7000.0,6400.0,8400.0,False,False
12404.988686974,106.5633594379561,-21.2481567412274,CORNER,7400.0,6600.0,8400.0,False,False
12405.008737098,106.5633594379561,-21.2481567412274,CORNER,7000.0,6600.0,8400.0,False,False
12405.028948555,106.5633594379561,-21.2481567412274,CORNER,7000.0,6600.0,8400.0,False,False
12405.048902382,106.5633594379561,-21.2481567412274,CORNER,11400.0,6800.0,9000.0,False,False
12405.068976024,106.5633594379561,-21.2481567412274,CORNER,7200.0,6600.0,13800.0,False,False
12405.088987351,106.5633594379561,-21.2481567412274,CORNER,6800.0,2600.0,8400.0,False,False
12405.109070826,106.5633594379561,-21.2481567412274,CORNER,7000.0,6600.0,8800.0,False,False
12405.129415931,106.5633594379561,-21.2481567412274,CORNER,7000.0,10800.0,8400.0,False,False
12405.149420647,106.5633594379561,-21.2481567412274,CORNER,7600.0,6800.0,8400.0,False,False
12405.169729938,106.5633594379561,-21.2481567412274,CORNER,7600.0,6800.0,8400.0,False,False
12405.196600331,106.5633594379561,-21.2481567412274,CORNER,11600.0,6800.0,6600.0,False,False
12405.216772158,106.5633594379561,-21.2481567412274,CORNER,11600.0,6800.0,6600.0,False,False
12405.242864383,106.5633594379561,-21.2481567412274,CORNER,20200.0,19600.0,21400.0,False,False
12405.269719091,106.5633594379561,-21.2481567412274,CORNER,20200.0,19600.0,21400.0,False,False
12405.289955956,106.5633594379561,-21.2481567412274,CORNER,9600.0,14400.0,11600.0,False,False
12405.313119954,106.5633594379561,-21.2481567412274,CORNER,9600.0,14400.0,11600.0,False,False
12405.333106115,106.5633594379561,-21.2481567412274,CORNER,9600.0,9200.0,21400.0,False,False
12405.354180369,106.5633594379561,-21.2481567412274,CORNER,5600.0,8200.0,9600.0,False,False
12405.373430788,106.5633594379561,-21.2481567412274,CORNER,5600.0,8200.0,9600.0,False,False
12405.393607578,106.5633594379561,-21.2481567412274,CORNER,13600.0,6800.0,4400.0,False,False
12405.413482349,106.5633594379561,-21.2481567412274,CORNER,7000.0,7000.0,8400.0,False,False
12405.433528787,106.5633594379561,-21.2481567412274,CORNER,7200.0,6800.0,14200.0,False,False
12405.454076115,106.5633594379561,-21.2481567412274,CORNER,7000.0,7000.0,8800.0,False,False
12405.473727405,106.5633594379561,-21.2481567412274,CORNER,7800.0,14000.0,9000.0,False,False
12405.493868121,106.5633594379561,-21.2481567412274,CORNER,7800.0,14000.0,9000.0,False,False
12405.513886466,106.5633594379561,-21.2481567412274,CORNER,7200.0,6800.0,4200.0,False,False
12405.533860367,106.5633594379561,-21.2481567412274,CORNER,7200.0,6800.0,8400.0,False,False
12405.554315121,106.5633594379561,-21.2481567412274,CORNER,7000.0,6800.0,14200.0,False,False
12405.574092577,106.5633594379561,-21.2481567412274,CORNER,7200.0,1600.0,9000.0,False,False
12405.594401423,106.5633594379561,-21.2481567412274,CORNER,7000.0,11800.0,8400.0,False,False
12405.61418888,106.5633594379561,-21.2481567412274,CORNER,2000.0,6800.0,8600.0,False,False
12405.634178262,106.5633594379561,-21.2481567412274,CORNER,2000.0,6800.0,8600.0,False,False
12405.654338423,106.5633594379561,-21.2481567412274,CORNER,12400.0,6800.0,6000.0,False,False
12405.674319842,106.5633594379561,-21.2481567412274,CORNER,7000.0,7000.0,9000.0,False,False
12405.694406447,106.84523973237664,-21.69106587368843,CORNER,7000.0,7000.0,14000.0,False,False
12405.714409978,106.84523973237664,-21.69106587368843,CORNER,7000.0,7400.0,8800.0,False,False
12405.73460538,107.12400726663333,-22.135940757048274,CORNER,7000.0,6600.0,8800.0,False,False
12405.754928318,107.12400726663333,-22.135940757048274,CORNER,7000.0,7000.0,9800.0,False,False
12405.774689756,107.12400726663333,-22.135940757048274,CORNER,7000.0,7000.0,9800.0,False,False
12405.794837231,107.39679029850275,-22.58451005774119,CORNER,13200.0,7200.0,11600.0,False,False
12405.814925484,107.39679029850275,-22.58451005774119,CORNER,7600.0,7400.0,15600.0,False,False
12405.835026719,107.66508890858054,-23.03577589494841,CORNER,8600.0,7400.0,9600.0,False,False
12405.855961492,107.93077259025223,-23.48858620986335,CORNER,7600.0,7400.0,9600.0,False,False
12405.875531374,107.93077259025223,-23.48858620986335,CORNER,8000.0,15400.0,10000.0,False,False
12405.895802053,107.93077259025223,-23.48858620986335,CORNER,7800.0,7800.0,10200.0,False,False
12405.915445176,108.44333162211578,-24.404983088325462,CORNER,7800.0,7800.0,10200.0,False,False
12405.935497281,108.44333162211578,-24.404983088325462,CORNER,14000.0,8000.0,7200.0,False,False
12405.955705164,108.69260812152058,-24.867028786113565,CORNER,8000.0,8200.0,10400.0,False,False
12405.975654658,108.69260812152058,-24.867028786113565,CORNER,8000.0,8600.0,18400.0,False,False
12405.995813022,109.17517278336398,-25.799569051807218,CORNER,8400.0,8200.0,11000.0,False,False
12406.015843627,109.17517278336398,-25.799569051807218,CORNER,8400.0,8600.0,11000.0,False,False
12406.035887491,109.63915278073148,-26.741493975589812,CORNER,8400.0,14400.0,11200.0,False,False
12406.056100281,109.63915278073148,-26.741493975589812,CORNER,9000.0,8800.0,11400.0,False,False
12406.076039016,109.8614949866438,-27.217087229820827,CORNER,9000.0,8800.0,11400.0,False,False
12406.096252361,110.0794337352958,-27.694714387587215,CORNER,14800.0,8800.0,7800.0,False,False
12406.116163225,110.29366334015185,-28.174016668411358,CORNER,8400.0,8800.0,10800.0,False,False
12406.136221627,110.29366334015185,-28.174016668411358,CORNER,8800.0,9200.0,18800.0,False,False
12406.156562732,110.50141009503369,-28.656164245234127,CORNER,8600.0,3600.0,11600.0,False,False
12406.176525596,110.70632749637005,-29.13952110991028,CORNER,9000.0,10000.0,11400.0,False,False
12406.19667296,110.70632749637005,-29.13952110991028,CORNER,8800.0,14600.0,11800.0,False,False
12406.216665195,110.9057245382335,-29.625181299442133,CORNER,3200.0,9000.0,11800.0,False,False
12406.236701688,111.10241920838394,-30.11194223330435,CORNER,8800.0,8800.0,11800.0,False,False
12406.256918386,111.10241920838394,-30.11194223330435,CORNER,8800.0,8800.0,11800.0,False,False
12406.276874102,111.2928953335414,-30.601170038876568,CORNER,15000.0,9600.0,10600.0,False,False
12406.297021226,111.2928953335414,-30.601170038876568,CORNER,9200.0,9600.0,12000.0,False,False
12406.317023238,111.47655689805886,-31.092996664547638,CORNER,9600.0,9400.0,20200.0,False,False
12406.337065565,111.65619874338783,-31.586305702987847,CORNER,9800.0,9200.0,12200.0,False,False
12406.357297929,111.65619874338783,-31.586305702987847,CORNER,9600.0,9600.0,12200.0,False,False
12406.377215256,111.99887774272207,-32.5788131857885,CORNER,10200.0,16400.0,12000.0,False,False
12406.397312176,111.99887774272207,-32.5788131857885,CORNER,9200.0,9000.0,11800.0,False,False
12406.417330966,112.16111670698734,-33.07811621849923,CORNER,9000.0,8600.0,11200.0,False,False
12406.437354441,112.31868817990082,-33.57891181644702,CORNER,9000.0,8600.0,11200.0,False,False
12406.458340122,112.47107796516462,-34.08130842605665,CORNER,14600.0,8600.0,8800.0,False,False
12406.478303671,112.61904169337849,-34.58502633831812,CORNER,8800.0,12600.0,18600.0,False,False
12406.498380424,112.76239243272954,-35.09007640071542,CORNER,9000.0,9000.0,10800.0,False,False
12406.518398344,112.90005012384003,-35.596707785529006,CORNER,8800.0,8600.0,11000.0,False,False
12406.538472152,113.03282126408193,-36.10464166342931,CORNER,8600.0,8400.0,10600.0,False,False
12406.558770554,113.16046721937906,-36.613887684617815,CORNER,9000.0,8000.0,11600.0,False,False
12406.578623344,113.28278424606918,-37.124439880756135,CORNER,9000.0,8000.0,11600.0,False,False
12406.600202803,113.39930415723603,-37.636346229907694,CORNER,8600.0,8000.0,4600.0,False,False
12406.620323038,113.50968979241745,-38.14961030574546,STRAIGHT,8400.0,8400.0,10000.0,False,False
12406.640302661,113.61449039911244,-38.664043812465586,STRAIGHT,8800.0,16400.0,9800.0,False,False
12406.661422064,113.7135030922397,-39.17962260043081,STRAIGHT,9600.0,6800.0,8800.0,False,False
12406.681853891,113.80604514944875,-39.69640201918462,STRAIGHT,9200.0,7000.0,9000.0,False,False
12406.7016837,113.97983686209898,-40.731919493983604,STRAIGHT,9200.0,7000.0,9000.0,False,False
12406.72170273,113.97983686209898,-40.731919493983604,STRAIGHT,7400.0,7000.0,12200.0,False,False
12406.741805502,114.05525800987613,-41.251473774562655,STRAIGHT,7800.0,7000.0,9000.0,False,False
12406.761902589,114.1289772898985,-41.77127226220278,STRAIGHT,7800.0,7200.0,9400.0,False,False
12406.78204962,114.2040016350468,-42.29088398997177,STRAIGHT,7600.0,7800.0,10400.0,False,False
12406.802025373,114.27776377396916,-42.810676397439984,STRAIGHT,8400.0,8000.0,10600.0,False,False
12406.822032848,114.34947940178667,-43.33075511141196,STRAIGHT,8600.0,8200.0,10200.0,False,False
12406.842089045,114.4194007732931,-43.85107808976931,STRAIGHT,8000.0,8200.0,9800.0,False,False
12406.862503929,114.48955609077962,-44.37136957675365,STRAIGHT,8000.0,8200.0,9800.0,False,False
12406.88248407,114.56056930350643,-44.89154466614012,STRAIGHT,8000.0,15400.0,11200.0,False,False
12406.902584027,114.56056930350643,-44.89154466614012,STRAIGHT,8600.0,8800.0,10800.0,False,False
12406.922674892,114.62839964680647,-45.412144363150986,STRAIGHT,9600.0,9200.0,12000.0,False,False
12406.942742219,114.69528659459331,-45.93286610863102,STRAIGHT,9400.0,10000.0,12400.0,False,False
12406.966810441,114.7628988222859,-46.45349417804953,STRAIGHT,9400.0,10000.0,12400.0,False,False
12406.986859527,114.7628988222859,-46.45349417804953,STRAIGHT,9200.0,9400.0,18000.0,False,False
12407.006923817,114.7628988222859,-46.45349417804953,STRAIGHT,10400.0,13600.0,12400.0,False,False
12407.026952626,114.7628988222859,-46.45349417804953,STRAIGHT,8400.0,8800.0,11000.0,False,False
12407.047019249,114.7628988222859,-46.45349417804953,STRAIGHT,8000.0,8400.0,10400.0,False,False
12407.06715178,114.7628988222859,-46.45349417804953,STRAIGHT,8000.0,8400.0,10400.0,False,False
12407.087212552,114.7628988222859,-46.45349417804953,STRAIGHT,7800.0,9000.0,14600.0,False,False
12407.107283935,114.7628988222859,-46.45349417804953,STRAIGHT,8000.0,8800.0,11800.0,False,False
12407.127319206,114.7628988222859,-46.45349417804953,STRAIGHT,8800.0,8200.0,10600.0,False,False
12407.147341404,114.82990932289663,-46.97420003821236,STRAIGHT,8000.0,9000.0,10800.0,False,False
12407.167629583,114.82990932289663,-46.97420003821236,STRAIGHT,8200.0,8400.0,11000.0,False,False
12407.187481262,114.82990932289663,-46.97420003821236,STRAIGHT,8200.0,8400.0,11000.0,False,False
12407.207664737,114.82990932289663,-46.97420003821236,STRAIGHT,8200.0,8600.0,12200.0,False,False
12407.227590027,114.82990932289663,-46.97420003821236,STRAIGHT,8000.0,8400.0,11000.0,False,False
12407.247639854,114.82990932289663,-46.97420003821236,STRAIGHT,8200.0,8400.0,10800.0,False,False
12407.268380016,114.82990932289663,-46.97420003821236,STRAIGHT,8200.0,8800.0,10600.0,False,False
12407.288355954,114.82990932289663,-46.97420003821236,STRAIGHT,8200.0,8600.0,11000.0,False,False
12407.308693522,114.82990932289663,-46.97420003821236,STRAIGHT,8400.0,13600.0,11000.0,False,False
12407.328444645,114.82990932289663,-46.97420003821236,STRAIGHT,9600.0,8600.0,11600.0,False,False
12407.348521824,114.82990932289663,-46.97420003821236,STRAIGHT,9600.0,8600.0,11600.0,False,False
12407.370006987,114.82990932289663,-46.97420003821236,STRAIGHT,8400.0,9000.0,14400.0,False,False
12407.388844479,114.82990932289663,-46.97420003821236,STRAIGHT,8400.0,8600.0,10200.0,False,False
12407.408923417,114.82990932289663,-46.97420003821236,STRAIGHT,8200.0,13200.0,10800.0,False,False
12407.429049837,114.82990932289663,-46.97420003821236,STRAIGHT,8200.0,8400.0,10800.0,False,False
12407.449091313,114.82990932289663,-46.97420003821236,STRAIGHT,8200.0,8600.0,10800.0,False,False
12407.46932201,114.82990932289663,-46.97420003821236,STRAIGHT,8000.0,8800.0,11200.0,False,False
12407.489262134,114.82990932289663,-46.97420003821236,STRAIGHT,8600.0,8400.0,11200.0,False,False
12407.509540072,114.82990932289663,-46.97420003821236,STRAIGHT,8400.0,8400.0,11000.0,False,False
12407.529387714,114.82990932289663,-46.97420003821236,STRAIGHT,8400.0,8400.0,11000.0,False,False
12407.549431578,114.82990932289663,-46.97420003821236,STRAIGHT,8800.0,9200.0,13600.0,False,False
12407.56966848,114.82990932289663,-46.97420003821236,STRAIGHT,8200.0,8600.0,11200.0,False,False
12407.589596177,114.82990932289663,-46.97420003821236,STRAIGHT,8200.0,14600.0,10800.0,False,False
12407.610678969,114.82990932289663,-46.97420003821236,STRAIGHT,8200.0,8400.0,6200.0,False,False
12407.631732686,114.82990932289663,-46.97420003821236,STRAIGHT,8200.0,8400.0,6200.0,False,False
12407.652519774,114.82990932289663,-46.97420003821236,STRAIGHT,14000.0,10000.0,20000.0,False,False
12407.672896638,114.82990932289663,-46.97420003821236,STRAIGHT,9600.0,10200.0,9200.0,False,False
12407.692676965,114.82990932289663,-46.97420003821236,STRAIGHT,9600.0,10200.0,9200.0,False,False
12407.712918644,114.82990932289663,-46.97420003821236,STRAIGHT,10000.0,16800.0,13800.0,False,False
12407.733224953,114.82990932289663,-46.97420003821236,STRAIGHT,10000.0,16800.0,13800.0,False,False
12407.75320628,114.82990932289663,-46.97420003821236,STRAIGHT,11000.0,12000.0,17200.0,False,False
12407.773245922,114.82990932289663,-46.97420003821236,STRAIGHT,9400.0,17400.0,11200.0,False,False
12407.793035175,114.82990932289663,-46.97420003821236,STRAIGHT,12200.0,11600.0,11000.0,False,False
12407.813221706,114.82990932289663,-46.97420003821236,STRAIGHT,12200.0,11600.0,11000.0,False,False
12407.833123996,114.82990932289663,-46.97420003821236,STRAIGHT,8200.0,8400.0,16200.0,False,False
12407.85329412,114.82990932289663,-46.97420003821236,STRAIGHT,8200.0,8400.0,10600.0,False,False
12407.873676373,114.82990932289663,-46.97420003821236,STRAIGHT,8400.0,8400.0,11400.0,False,False
12407.893360237,114.82990932289663,-46.97420003821236,STRAIGHT,7800.0,9000.0,11000.0,False,False
12407.913523268,114.82990932289663,-46.97420003821236,STRAIGHT,8200.0,8400.0,10800.0,False,False
12407.933446669,114.82990932289663,-46.97420003821236,STRAIGHT,8400.0,8600.0,10600.0,False,False
12407.953497496,114.82990932289663,-46.97420003821236,STRAIGHT,8000.0,8400.0,10800.0,False,False
12407.979350499,114.82990932289663,-46.97420003821236,STRAIGHT,8000.0,8400.0,10800.0,False,False
12407.99959616,114.82990932289663,-46.97420003821236,STRAIGHT,8000.0,8600.0,11200.0,False,False
12408.01953219,114.82990932289663,-46.97420003821236,STRAIGHT,8400.0,8200.0,10600.0,False,False
12408.039530999,114.82990932289663,-46.97420003821236,STRAIGHT,8000.0,8600.0,10800.0,False,False
12408.059564085,114.82990932289663,-46.97420003821236,STRAIGHT,8000.0,8400.0,10800.0,False,False
12408.079674709,114.82990932289663,-46.97420003821236,STRAIGHT,8800.0,8200.0,11000.0,False,False
12408.099762777,114.82990932289663,-46.97420003821236,STRAIGHT,8400.0,8400.0,11200.0,False,False
12408.119841363,114.82990932289663,-46.97420003821236,STRAIGHT,8400.0,8400.0,11200.0,False,False
12408.139817172,114.82990932289663,-46.97420003821236,STRAIGHT,8000.0,8600.0,14400.0,False,False
12408.159852129,114.82990932289663,-46.97420003821236,STRAIGHT,8000.0,8400.0,10800.0,False,False
12408.180160179,114.82990932289663,-46.97420003821236,STRAIGHT,8000.0,8200.0,10400.0,False,False
12408.200070154,114.82990932289663,-46.97420003821236,STRAIGHT,9200.0,14400.0,11400.0,False,False
12408.220149166,114.82990932289663,-46.97420003821236,STRAIGHT,7600.0,8200.0,10800.0,False,False
12408.240207401,114.82990932289663,-46.97420003821236,STRAIGHT,8200.0,8400.0,10800.0,False,False
12408.260252635,114.82990932289663,-46.97420003821236,STRAIGHT,8200.0,8400.0,10800.0,False,False
12408.280453055,114.82990932289663,-46.97420003821236,STRAIGHT,8000.0,8600.0,15800.0,False,False
12408.300349993,114.82990932289663,-46.97420003821236,STRAIGHT,8000.0,9800.0,13200.0,False,False
12408.320475413,114.82990932289663,-46.97420003821236,STRAIGHT,13800.0,8200.0,11000.0,False,False
12408.340450092,114.82990932289663,-46.97420003821236,STRAIGHT,8200.0,8400.0,10800.0,False,False
12408.360633845,114.82990932289663,-46.97420003821236,STRAIGHT,8200.0,8400.0,10800.0,False,False
12408.380932321,114.82990932289663,-46.97420003821236,STRAIGHT,8000.0,8600.0,16000.0,False,False
12408.400677537,114.82990932289663,-46.97420003821236,STRAIGHT,8200.0,8800.0,10800.0,False,False
12408.420928605,114.82990932289663,-46.97420003821236,STRAIGHT,8000.0,8400.0,10800.0,False,False
12408.44096621,114.82990932289663,-46.97420003821236,STRAIGHT,7800.0,8400.0,11000.0,False,False
12408.461051352,114.82990932289663,-46.97420003821236,STRAIGHT,8000.0,8400.0,10800.0,False,False
12408.481202883,114.82990932289663,-46.97420003821236,STRAIGHT,8200.0,8200.0,13400.0,False,False
12408.501137821,114.82990932289663,-46.97420003821236,STRAIGHT,8200.0,8200.0,13400.0,False,False
12408.521213148,114.82990932289663,-46.97420003821236,STRAIGHT,8400.0,8200.0,10800.0,False,False
12408.541242679,114.82990932289663,-46.97420003821236,STRAIGHT,8000.0,8200.0,10800.0,False,False
12408.561281506,114.82990932289663,-46.97420003821236,STRAIGHT,7800.0,8800.0,10800.0,False,False
12408.581489704,114.82990932289663,-46.97420003821236,STRAIGHT,7800.0,8400.0,10600.0,False,False
12408.601454698,114.82990932289663,-46.97420003821236,STRAIGHT,9000.0,8800.0,10800.0,False,False
12408.621542654,114.89558487636955,-47.49507595594712,STRAIGHT,8400.0,8600.0,10200.0,False,False
12408.641562815,114.89558487636955,-47.49507595594712,STRAIGHT,8400.0,8600.0,10200.0,False,False
12408.661618512,114.96172519698096,-48.01589306203085,STRAIGHT,7800.0,7600.0,12600.0,False,False
12408.682231433,114.96172519698096,-48.01589306203085,STRAIGHT,7800.0,7800.0,10000.0,False,False
12408.702200871,114.96172519698096,-48.01589306203085,STRAIGHT,7600.0,8200.0,11000.0,False,False
12408.722476662,115.02725111985994,-48.53678782436856,STRAIGHT,12400.0,7800.0,10200.0,False,False
12408.742574674,115.09287080902513,-49.0576707828092,STRAIGHT,7600.0,8400.0,10400.0,False,False
12408.76251039,115.09287080902513,-49.0576707828092,STRAIGHT,7600.0,8400.0,10400.0,False,False
12408.782674403,115.09287080902513,-49.0576707828092,STRAIGHT,7800.0,7600.0,13600.0,False,False
12408.80264047,115.22417604914777,-50.099428400451785,STRAIGHT,7400.0,8800.0,10800.0,False,False
12408.822760112,115.22417604914777,-50.099428400451785,STRAIGHT,7400.0,9000.0,10000.0,False,False
12408.842764865,115.22417604914777,-50.099428400451785,STRAIGHT,7600.0,8600.0,10200.0,False,False
12408.862831656,115.22417604914777,-50.099428400451785,STRAIGHT,8000.0,8000.0,10000.0,False,False
12408.883171594,115.35275720690024,-51.14152574996912,STRAIGHT,7800.0,8200.0,10800.0,False,False
12408.902927273,115.35275720690024,-51.14152574996912,STRAIGHT,7800.0,8200.0,10800.0,False,False
12408.923479249,115.35275720690024,-51.14152574996912,STRAIGHT,14200.0,8000.0,14000.0,False,False
12408.943168076,115.35275720690024,-51.14152574996912,STRAIGHT,8200.0,8200.0,10400.0,False,False
12408.963135366,115.47840041218514,-52.18398140128756,STRAIGHT,8400.0,8000.0,10000.0,False,False
12408.98333223,115.47840041218514,-52.18398140128756,STRAIGHT,8200.0,8000.0,10400.0,False,False
12409.003304779,115.47840041218514,-52.18398140128756,STRAIGHT,9800.0,9600.0,12000.0,False,False
12409.023448144,115.60576475836203,-53.226228168288046,STRAIGHT,9800.0,9600.0,12000.0,False,False
12409.043442841,115.60576475836203,-53.226228168288046,STRAIGHT,8800.0,8000.0,14400.0,False,False
12409.063556891,115.73101751236506,-54.26873080503036,STRAIGHT,7800.0,7000.0,8600.0,False,False
12409.083596422,115.79237042713237,-54.79013354749492,STRAIGHT,7200.0,7000.0,8600.0,False,False
12409.103580082,115.85369579656822,-55.311539530452116,STRAIGHT,7800.0,6600.0,8000.0,False,False
12409.123758095,115.97764039668985,-56.35419850447033,STRAIGHT,7200.0,6200.0,7800.0,False,False
12409.143705033,115.97764039668985,-56.35419850447033,STRAIGHT,7400.0,6600.0,8600.0,False,False
12409.163745749,116.10102571422227,-57.39692381029994,STRAIGHT,7600.0,8000.0,10200.0,False,False
12409.184191188,116.22814743812434,-58.43920019749874,STRAIGHT,7600.0,8000.0,10200.0,False,False
12409.2039737,116.35929716165106,-59.48097740497589,STRAIGHT,7800.0,8000.0,15800.0,False,False
12409.224287694,116.48993481253385,-60.5228189496322,STRAIGHT,8400.0,9000.0,11200.0,False,False
12409.244206243,116.55380173178311,-61.04391972359595,STRAIGHT,8200.0,8600.0,11200.0,False,False
12409.264198811,116.68082592533277,-62.086208001498505,STRAIGHT,8200.0,8400.0,11400.0,False,False
12409.285438085,116.80578634946166,-63.1287457189944,STRAIGHT,8800.0,9000.0,11000.0,False,False
12409.30516217,116.86697684958905,-63.65016754697456,STRAIGHT,10600.0,8800.0,11200.0,False,False
12409.325269442,116.98696941327393,-64.69328872146022,STRAIGHT,10600.0,8800.0,11200.0,False,False
12409.345565362,117.10955536450902,-65.73610830535756,STRAIGHT,8200.0,7200.0,12000.0,False,False
12409.365291282,117.23163750770675,-66.77898698972707,STRAIGHT,7200.0,7200.0,9600.0,False,False
12409.385987239,117.35317673802837,-67.82192908567146,STRAIGHT,8200.0,7800.0,10400.0,False,False
12409.405941733,117.41345224350562,-68.343457477458,STRAIGHT,9400.0,8200.0,9800.0,False,False
12409.426045616,117.47206046613921,-68.86517586532615,STRAIGHT,12200.0,6800.0,8600.0,False,False
12409.446025073,117.5878914324907,-69.90876735016785,STRAIGHT,7400.0,6800.0,8600.0,False,False
12409.466071122,117.64549908844252,-70.4305971672306,STRAIGHT,7400.0,6800.0,8600.0,False,False
12409.486298042,117.70317958610984,-70.95241893775082,STRAIGHT,7800.0,6800.0,12000.0,False,False
12409.506231351,117.76053945926697,-71.47427604937373,STRAIGHT,7200.0,7000.0,14800.0,False,False
12409.526428345,117.81717709177991,-71.99621204026086,STRAIGHT,7800.0,6600.0,8400.0,False,False
12409.54648769,117.81717709177991,-71.99621204026086,STRAIGHT,7000.0,10400.0,8200.0,False,False
12409.566523629,117.8706136564296,-72.51848546822599,STRAIGHT,7800.0,6800.0,9000.0,False,False
12409.586684938,117.92465062367873,-73.0406971170529,STRAIGHT,7400.0,7200.0,10600.0,False,False
12409.606629376,117.97825070824848,-73.56295378856043,STRAIGHT,7400.0,7200.0,10600.0,False,False
12409.626784407,118.0329257022961,-74.08509902221282,STRAIGHT,8800.0,8400.0,14000.0,False,False
12409.646777919,118.08847470587301,-74.6071519967294,STRAIGHT,8800.0,9000.0,11200.0,False,False
12409.666842709,118.20133668009899,-75.65106874378054,STRAIGHT,8600.0,9000.0,12000.0,False,False
12409.687063129,118.25765641856783,-76.17303913284375,STRAIGHT,9200.0,9000.0,11800.0,False,False
12409.707051123,118.31369533264807,-76.69503974597434,STRAIGHT,10200.0,9800.0,11800.0,False,False
12409.727221765,118.36982254603367,-77.21703087225674,STRAIGHT,9600.0,9000.0,11200.0,False,False
12409.747167148,118.48295634390439,-78.26091819557251,STRAIGHT,9000.0,7600.0,9600.0,False,False
12409.76724579,118.54051522439163,-78.78275339491907,STRAIGHT,7400.0,6600.0,8000.0,False,False
12409.789644898,118.59837160419879,-79.30455569398991,STRAIGHT,7400.0,6600.0,8000.0,False,False
12409.80960817,118.7135374995712,-80.3482207822932,STRAIGHT,6400.0,5400.0,7800.0,False,False
12409.829295497,118.82692994752466,-81.39208004136367,STRAIGHT,6600.0,5000.0,6000.0,False,False
12409.849382083,118.88278903084861,-81.91409992873407,STRAIGHT,5800.0,4600.0,5600.0,False,False
12409.869435466,118.93878684290745,-82.43610495269901,STRAIGHT,5600.0,4800.0,6200.0,False,False
12409.88955233,119.0483947070469,-83.48036838503724,STRAIGHT,2600.0,5200.0,7600.0,False,False
12409.909549139,119.15794176383476,-84.52463819804015,STRAIGHT,7400.0,7000.0,10000.0,False,False
12409.92984867,119.21221877676932,-85.04682495186191,STRAIGHT,7400.0,7000.0,10000.0,False,False
12409.949729979,119.26599351934574,-85.56906366840909,STRAIGHT,8400.0,8600.0,13600.0,False,False
12409.969762472,119.3737474580777,-86.61352002876492,STRAIGHT,9800.0,9800.0,12800.0,False,False
12409.990166967,119.47222762243592,-87.65889156904522,STRAIGHT,9600.0,9600.0,12000.0,False,False
12410.010109849,119.56358192923699,-88.7049099200453,STRAIGHT,11400.0,9600.0,11200.0,False,False
12410.030277177,119.6567806906093,-89.75076554625701,STRAIGHT,13400.0,8200.0,11000.0,False,False
12410.050240282,119.7003655464949,-90.2739532375662,STRAIGHT,8800.0,8200.0,10200.0,False,False
12410.070289276,119.78675288670973,-91.32039350220181,STRAIGHT,8800.0,8200.0,10200.0,False,False
12410.090829196,119.87196356935476,-92.36693023808985,STRAIGHT,8200.0,8400.0,15000.0,False,False
12410.111037431,119.95833752078053,-93.41337160793105,STRAIGHT,8400.0,7800.0,11800.0,False,False
12410.132531983,120.04690939559333,-94.4596292353786,STRAIGHT,12400.0,14200.0,7200.0,False,False
12410.151117474,120.04690939559333,-94.4596292353786,STRAIGHT,13600.0,11000.0,13200.0,False,False
12410.171211876,120.1323835933282,-95.50614448205282,STRAIGHT,13600.0,11000.0,13200.0,False,False
12410.19126087,120.21988410480047,-96.55249225430262,STRAIGHT,9000.0,8800.0,11400.0,False,False
12410.211802272,120.21988410480047,-96.55249225430262,STRAIGHT,8800.0,15400.0,13600.0,False,False
12410.231455598,120.30837514990273,-97.59875672131693,STRAIGHT,8800.0,15400.0,13600.0,False,False
12410.251534074,120.30837514990273,-97.59875672131693,STRAIGHT,20600.0,9000.0,18600.0,False,False
12410.271554104,120.39715563262345,-98.64499666792952,STRAIGHT,18800.0,10000.0,10200.0,False,False
12410.292750156,120.48486566627345,-99.69132689782691,STRAIGHT,12800.0,7200.0,11000.0,False,False
12410.312817187,120.52898843663093,-100.21446949897499,STRAIGHT,12800.0,7200.0,11000.0,False,False
12410.331797012,120.5730429819082,-100.73761784986642,STRAIGHT,9200.0,15400.0,9600.0,False,False
12410.351891765,120.65569654706506,-101.78435964618818,STRAIGHT,7800.0,7000.0,8800.0,False,False
12410.371853426,120.7380205246586,-102.83112741542509,STRAIGHT,7600.0,6400.0,8200.0,False,False
12410.392339198,120.81842328531954,-103.87804450673562,STRAIGHT,7400.0,6800.0,9000.0,False,False
12410.412038284,120.85860959041449,-104.40150420994382,STRAIGHT,7400.0,6800.0,9000.0,False,False
12410.432185056,120.93931884972001,-105.44839771716525,STRAIGHT,7400.0,6400.0,11000.0,False,False
12410.452181124,120.97966821696397,-105.97184487644975,STRAIGHT,7400.0,6800.0,8600.0,False,False
12410.472181525,121.05823808521461,-107.0189011193532,STRAIGHT,7000.0,6600.0,8400.0,False,False
12410.49268089,121.1343037498509,-108.06614226381969,STRAIGHT,7000.0,7000.0,11600.0,False,False
12410.512371513,121.21102521462973,-109.1133355682493,STRAIGHT,14400.0,7400.0,9000.0,False,False
12410.532548581,121.28601488467554,-110.16065431122416,STRAIGHT,14400.0,7400.0,9000.0,False,False
12410.552571482,121.32375993146155,-110.68429570706977,STRAIGHT,8000.0,7800.0,7000.0,False,False
12410.572643198,121.36119601926417,-111.20795928163844,STRAIGHT,8000.0,7200.0,9200.0,False,False
12410.593343527,121.43723892237666,-112.25520207912442,STRAIGHT,7600.0,7200.0,9200.0,False,False
12410.612780371,121.51402529615562,-113.30239062604512,STRAIGHT,7600.0,1200.0,10000.0,False,False
12410.632868624,121.59035323260832,-114.34961268755686,STRAIGHT,8000.0,7200.0,8600.0,False,False
12410.652881655,121.6275001781086,-114.8732968523356,STRAIGHT,6800.0,6600.0,8000.0,False,False
12410.67297202,121.66523942918373,-115.39693866591459,STRAIGHT,6800.0,6600.0,8000.0,False,False
12410.693213347,121.70247067216678,-115.92061684432757,STRAIGHT,7600.0,6600.0,11600.0,False,False
12410.713114119,121.77788356647099,-116.96790519782563,STRAIGHT,7000.0,6600.0,8800.0,False,False
12410.733216038,121.81649031445563,-117.49148376787033,STRAIGHT,7000.0,6600.0,8400.0,False,False
12410.75330194,121.8544436506637,-118.01511010818439,STRAIGHT,7000.0,6600.0,8400.0,False,False
12410.773353045,121.89232988021465,-118.5387413081815,STRAIGHT,7000.0,6400.0,8400.0,False,False
12410.793625039,121.96876063447401,-119.5859558706296,STRAIGHT,7000.0,6400.0,8400.0,False,False
12410.813555348,121.96876063447401,-119.5859558706296,STRAIGHT,7200.0,6200.0,7400.0,False,False
12410.833654008,122.04841684158419,-120.63293002917834,STRAIGHT,7200.0,6200.0,7400.0,False,False
12410.853693724,122.08904278266351,-121.15635579555924,STRAIGHT,6800.0,5600.0,8600.0,False,False
12410.873727403,122.12937518652711,-121.67980426217136,STRAIGHT,6400.0,3400.0,3200.0,True,False
12410.893893231,122.20870880118731,-122.72680291431232,STRAIGHT,6000.0,3200.0,3600.0,True,False
12410.914013169,122.24881126712653,-123.25026904714767,STRAIGHT,7000.0,4200.0,5200.0,True,False
12410.934367256,122.28935824513222,-123.77370093629335,STRAIGHT,7000.0,6200.0,9600.0,True,False
12410.955161436,122.36951269183778,-124.8206370683823,STRAIGHT,7000.0,6200.0,9600.0,True,False
12410.974602689,122.45062201322435,-125.86749965630119,STRAIGHT,9400.0,7000.0,9600.0,True,False
12410.994542145,122.53245422837873,-126.91430598440728,STRAIGHT,7200.0,12000.0,9200.0,True,False
12411.014542472,122.6138980146991,-127.96114260474009,STRAIGHT,8000.0,8200.0,11000.0,False,False
12411.034764911,122.6548076898912,-128.4845462715936,STRAIGHT,7800.0,8200.0,12000.0,False,False
12411.055014072,122.69536349316283,-129.00797747702654,STRAIGHT,7800.0,8200.0,12000.0,False,False
12411.074785528,122.77799834384854,-130.05472075092524,STRAIGHT,9000.0,9000.0,15000.0,False,False
12411.095845635,122.85962399135383,-131.10154320658302,STRAIGHT,9000.0,9200.0,11000.0,False,False
12411.115232832,122.94314597843989,-132.1482160674489,STRAIGHT,8600.0,8600.0,9600.0,False,False
12411.13542477,122.98458300651735,-132.67157824864287,STRAIGHT,7400.0,7000.0,8600.0,False,False
12411.155427745,123.06756715865353,-133.71829388839146,STRAIGHT,7000.0,6800.0,8600.0,False,False
12411.175446758,123.10909320690028,-134.24164901382449,STRAIGHT,7000.0,6800.0,8600.0,False,False
12411.195934641,123.14971039894507,-134.7650754591923,STRAIGHT,7200.0,7800.0,11000.0,False,False
12411.215544671,123.2305108289662,-135.81196193370062,STRAIGHT,7200.0,7800.0,11000.0,False,False
12411.235662406,123.27094355410671,-136.33540266075357,STRAIGHT,8600.0,9000.0,12800.0,False,False
12411.255670382,123.31168715075536,-136.85881928193803,STRAIGHT,8400.0,8600.0,10600.0,False,False
12411.275746227,123.35248707607494,-137.38223151535823,STRAIGHT,8600.0,9000.0,11800.0,False,False
12411.297875243,123.39458075341231,-137.90554129199938,STRAIGHT,8800.0,8200.0,10000.0,False,False
12411.317823348,123.43646483626735,-138.42886788563226,STRAIGHT,13800.0,8000.0,10200.0,False,False
12411.337852008,123.47863175914338,-138.95217176543363,STRAIGHT,7800.0,7600.0,9800.0,False,False
12411.35790928,123.52123693945265,-139.47544014648759,STRAIGHT,7400.0,6800.0,8400.0,False,False
12411.377938144,123.5634075332381,-139.99874373048047,STRAIGHT,7400.0,6800.0,8400.0,False,False
12411.398176842,123.5634075332381,-139.99874373048047,STRAIGHT,7000.0,6200.0,11200.0,False,False
12411.418210262,123.60640555886283,-140.5219799771152,STRAIGHT,6600.0,6600.0,8400.0,False,False
12411.438260626,123.64984299323048,-141.0451799286591,STRAIGHT,6800.0,6400.0,8000.0,False,False
12411.458298639,123.69426581525741,-141.56829713625524,STRAIGHT,6800.0,6200.0,7600.0,False,False
12411.478343114,123.73916566194184,-142.0913736161009,STRAIGHT,6600.0,6000.0,7600.0,False,False
12411.498562312,123.78405186589127,-142.61445126683262,STRAIGHT,6400.0,9800.0,8400.0,False,False
12411.518561213,123.82896361371985,-143.1375267249713,STRAIGHT,7000.0,6200.0,8200.0,False,False
12411.538646448,123.87379444472548,-143.66060912439931,STRAIGHT,7000.0,6200.0,8200.0,False,False
12411.55866196,123.91905760642375,-144.18365429089366,STRAIGHT,7000.0,6000.0,11400.0,False,False
12411.578912084,123.964337875754,-144.70669797664982,STRAIGHT,6600.0,6200.0,7800.0,False,False
12411.600463802,124.009838749544,-145.22972251764608,STRAIGHT,6600.0,6200.0,8000.0,False,False
12411.619241517,124.05533854471241,-145.75274715247664,STRAIGHT,6600.0,6400.0,10800.0,False,False
12411.639359103,124.14725570807049,-146.79871619364386,STRAIGHT,9800.0,6000.0,7800.0,False,False
12411.659349727,124.19367882358624,-147.32165968422942,STRAIGHT,6600.0,6000.0,7800.0,False,False
12411.679413776,124.24029512815959,-147.84458598893008,STRAIGHT,6600.0,6000.0,7800.0,False,False
12411.699744141,124.33463227046894,-148.8903395466964,STRAIGHT,6600.0,6000.0,11200.0,False,False
12411.719624357,124.38144314861373,-149.4132484696336,STRAIGHT,6600.0,6800.0,8000.0,False,False
12411.739800517,124.42837315984458,-149.93614671408068,STRAIGHT,6800.0,6400.0,7800.0,False,False
12411.759716418,124.52290300647519,-150.981882870143,STRAIGHT,6600.0,6400.0,7800.0,False,False
12411.779782709,124.57033595282996,-151.50473573242851,STRAIGHT,6600.0,6400.0,8000.0,False,False
12411.800077703,124.66510467419714,-152.55045026778242,STRAIGHT,7400.0,6600.0,8800.0,False,False
12411.819915771,124.71214919732027,-153.07333822217043,STRAIGHT,7400.0,6600.0,8800.0,False,False
12411.839986561,124.75885724791259,-153.59625634005306,STRAIGHT,7000.0,6800.0,10800.0,False,False
12411.860050925,124.85283857364689,-154.64204193491142,STRAIGHT,6600.0,6200.0,8000.0,False,False
12411.880091789,124.85283857364689,-154.64204193491142,STRAIGHT,6600.0,6400.0,8000.0,False,False
12411.900467265,124.94671492576549,-155.68783695809375,STRAIGHT,6600.0,2400.0,7800.0,False,False
12411.920296148,124.94671492576549,-155.68783695809375,STRAIGHT,6200.0,7000.0,8200.0,False,False
12411.940386438,124.99315736615121,-156.21077873279816,STRAIGHT,6800.0,6600.0,8600.0,False,False
12411.960450469,125.04052391263274,-156.73363761459558,STRAIGHT,7000.0,6400.0,8400.0,False,False
12411.980475482,125.04052391263274,-156.73363761459558,STRAIGHT,7200.0,6600.0,8400.0,False,False
12412.00082255,125.08741460968382,-157.2565393859925,STRAIGHT,7200.0,6600.0,8400.0,False,False
12412.020748099,125.13440795201,-157.7794319426206,STRAIGHT,6800.0,6800.0,12200.0,False,False
12412.040880964,125.13440795201,-157.7794319426206,CORNER,7200.0,6400.0,8600.0,False,False
12412.060975143,125.13440795201,-157.7794319426206,CORNER,7400.0,6200.0,8200.0,False,False
12412.080964655,125.13440795201,-157.7794319426206,CORNER,6200.0,10400.0,8400.0,False,False
12412.101243631,125.13440795201,-157.7794319426206,CORNER,6600.0,6000.0,12600.0,False,False
12412.121100291,125.13440795201,-157.7794319426206,CORNER,6600.0,6000.0,12600.0,False,False
12412.141231452,125.18118342415339,-158.30234403389954,CORNER,6800.0,6400.0,9200.0,False,False
12412.161209927,125.18118342415339,-158.30234403389954,CORNER,7000.0,6600.0,8800.0,False,False
12412.181259662,125.18118342415339,-158.30234403389954,CORNER,7000.0,6800.0,13600.0,False,False
12412.201531471,125.18118342415339,-158.30234403389954,CORNER,6600.0,2800.0,8600.0,False,False
12412.221454724,125.18118342415339,-158.30234403389954,CORNER,6800.0,7000.0,9000.0,False,False
12412.241538551,125.18118342415339,-158.30234403389954,CORNER,7200.0,11400.0,9000.0,False,False
12412.261542453,125.18118342415339,-158.30234403389954,CORNER,7600.0,7000.0,8200.0,False,False
12412.281604409,125.18118342415339,-158.30234403389954,CORNER,6800.0,6800.0,8800.0,False,False
12412.301936404,125.18118342415339,-158.30234403389954,CORNER,6800.0,6800.0,8800.0,False,False
12412.321750157,125.18118342415339,-158.30234403389954,CORNER,11200.0,6800.0,6600.0,False,False
12412.342115892,125.18118342415339,-158.30234403389954,CORNER,7000.0,6800.0,8400.0,False,False
12412.368180765,125.18118342415339,-158.30234403389954,CORNER,7000.0,6800.0,4000.0,False,False
12412.383227492,125.18118342415339,-158.30234403389954,CORNER,7000.0,6800.0,4000.0,False,False
12412.409518551,125.18118342415339,-158.30234403389954,CORNER,4600.0,10600.0,3800.0,False,False
12412.424672686,125.18118342415339,-158.30234403389954,CORNER,7200.0,5400.0,8600.0,False,False
12412.445950385,125.18118342415339,-158.30234403389954,CORNER,6400.0,7200.0,9200.0,False,False
12412.464807137,125.18118342415339,-158.30234403389954,CORNER,6400.0,7200.0,9200.0,False,False
12412.485033149,125.18118342415339,-158.30234403389954,CORNER,4600.0,7400.0,15200.0,False,False
12412.506908535,125.18118342415339,-158.30234403389954,CORNER,5800.0,12200.0,7800.0,False,False
12412.52633688,125.18118342415339,-158.30234403389954,CORNER,5800.0,12200.0,7800.0,False,False
12412.54622554,125.18118342415339,-158.30234403389954,CORNER,18800.0,2400.0,8800.0,False,False
12412.566232793,125.18118342415339,-158.30234403389954,CORNER,7400.0,11200.0,8600.0,False,False
12412.586296713,125.18118342415339,-158.30234403389954,CORNER,7000.0,6800.0,9000.0,False,False
12412.606542856,125.18118342415339,-158.30234403389954,CORNER,7400.0,6600.0,10000.0,False,False
12412.626556368,125.18118342415339,-158.30234403389954,CORNER,7400.0,6600.0,10000.0,False,False
12412.646628584,125.18118342415339,-158.30234403389954,CORNER,7400.0,8000.0,4800.0,False,False
12412.666890671,125.18118342415339,-158.30234403389954,CORNER,7000.0,6800.0,8400.0,False,False
12412.686929406,125.18118342415339,-158.30234403389954,CORNER,7400.0,7200.0,15800.0,False,False
12412.707500771,125.18118342415339,-158.30234403389954,CORNER,7600.0,7600.0,8400.0,False,False
12412.72729532,125.18118342415339,-158.30234403389954,CORNER,7000.0,7000.0,9400.0,False,False
12412.747393332,125.18118342415339,-158.30234403389954,CORNER,7000.0,7000.0,9400.0,False,False
12412.767165029,125.18118342415339,-158.30234403389954,CORNER,7800.0,7000.0,2800.0,False,False
12412.787226709,125.18118342415339,-158.30234403389954,CORNER,6800.0,6800.0,8800.0,False,False
12412.807743703,125.18118342415339,-158.30234403389954,CORNER,7000.0,6800.0,15000.0,False,False
12412.827386363,125.18118342415339,-158.30234403389954,CORNER,7400.0,7600.0,8400.0,False,False
12412.84754845,125.18118342415339,-158.30234403389954,CORNER,6200.0,7200.0,9400.0,False,False
12412.867550407,125.18118342415339,-158.30234403389954,CORNER,7000.0,6600.0,9000.0,False,False
12412.887595753,125.18118342415339,-158.30234403389954,CORNER,7000.0,6600.0,9000.0,False,False
12412.908030006,125.18118342415339,-158.30234403389954,CORNER,11800.0,6800.0,7200.0,False,False
12412.927925593,125.18118342415339,-158.30234403389954,CORNER,7000.0,7000.0,9200.0,False,False
12412.947991976,125.18118342415339,-158.30234403389954,CORNER,7000.0,6400.0,10400.0,False,False
12412.967855895,125.18118342415339,-158.30234403389954,CORNER,7000.0,7000.0,9000.0,False,False
12412.987921611,125.18118342415339,-158.30234403389954,CORNER,7200.0,6400.0,9000.0,False,False
12413.008331643,125.18118342415339,-158.30234403389954,CORNER,7200.0,6400.0,9000.0,False,False
12413.02820734,125.18118342415339,-158.30234403389954,CORNER,12000.0,7000.0,13200.0,False,False
12413.048558353,125.18118342415339,-158.30234403389954,CORNER,7600.0,6600.0,9800.0,False,False
12413.068456106,125.18118342415339,-158.30234403389954,CORNER,7400.0,7400.0,8400.0,False,False
12413.088406137,125.18118342415339,-158.30234403389954,CORNER,7200.0,7200.0,8200.0,False,False
12413.108983743,125.18118342415339,-158.30234403389954,CORNER,6800.0,12000.0,11000.0,False,False
12413.128799273,125.18118342415339,-158.30234403389954,CORNER,6800.0,12000.0,11000.0,False,False
12413.149084564,125.18118342415339,-158.30234403389954,CORNER,6800.0,6800.0,9600.0,False,False
12413.168950669,125.18118342415339,-158.30234403389954,CORNER,7400.0,6800.0,8800.0,False,False
12413.18888844,125.18118342415339,-158.30234403389954,CORNER,7400.0,6600.0,14800.0,False,False
12413.209144675,125.18118342415339,-158.30234403389954,CORNER,6800.0,2400.0,9000.0,False,False
12413.229024002,125.18118342415339,-158.30234403389954,CORNER,7200.0,8000.0,8400.0,False,False
12413.249202608,125.18118342415339,-158.30234403389954,CORNER,6600.0,6800.0,9200.0,False,False
12413.269207324,125.18118342415339,-158.30234403389954,CORNER,7200.0,6800.0,9000.0,False,False
12413.289259706,125.18118342415339,-158.30234403389954,CORNER,7200.0,6800.0,9000.0,False,False
12413.309567108,125.18118342415339,-158.30234403389954,CORNER,11800.0,7000.0,6800.0,False,False
12413.329517935,125.18118342415339,-158.30234403389954,CORNER,7000.0,6600.0,8800.0,False,False
12413.349535188,125.18118342415339,-158.30234403389954,CORNER,7000.0,6600.0,15400.0,False,False
12413.369529738,125.18118342415339,-158.30234403389954,CORNER,7200.0,7400.0,8600.0,False,False
12413.389559565,125.18118342415339,-158.30234403389954,CORNER,7200.0,6800.0,8400.0,False,False
12413.410165486,125.18118342415339,-158.30234403389954,CORNER,7200.0,11000.0,8800.0,False,False
12413.429749794,125.18118342415339,-158.30234403389954,CORNER,8000.0,6600.0,9400.0,False,False
12413.449857381,125.18118342415339,-158.30234403389954,CORNER,8000.0,6600.0,9400.0,False,False
12413.46988343,125.18118342415339,-158.30234403389954,CORNER,7000.0,7000.0,13400.0,False,False
12413.489911591,125.18118342415339,-158.30234403389954,CORNER,7000.0,6200.0,8600.0,False,False
12413.51022864,125.18118342415339,-158.30234403389954,CORNER,7200.0,6200.0,8400.0,False,False
12413.530088634,125.18118342415339,-158.30234403389954,CORNER,7000.0,7000.0,8800.0,False,False
12413.550260388,125.18118342415339,-158.30234403389954,CORNER,7200.0,6800.0,8600.0,False,False
12413.570188492,125.18118342415339,-158.30234403389954,CORNER,2200.0,6800.0,8200.0,False,False
12413.590328746,125.18118342415339,-158.30234403389954,CORNER,7200.0,6800.0,8400.0,False,False
12413.611727779,125.18118342415339,-158.30234403389954,CORNER,7000.0,6800.0,14000.0,False,False
12413.631700476,125.18118342415339,-158.30234403389954,CORNER,7000.0,6800.0,14000.0,False,False
12413.651769804,125.18118342415339,-158.30234403389954,CORNER,7200.0,6800.0,8800.0,False,False
12413.671813223,125.18118342415339,-158.30234403389954,CORNER,7400.0,6600.0,8600.0,False,False
12413.691863217,125.18118342415339,-158.30234403389954,CORNER,7000.0,7000.0,14200.0,False,False
12413.712120804,125.18118342415339,-158.30234403389954,CORNER,6600.0,3000.0,8000.0,False,False
12413.732082039,125.18118342415339,-158.30234403389954,CORNER,6800.0,7200.0,9200.0,False,False
12413.752135662,125.18118342415339,-158.30234403389954,CORNER,7200.0,11200.0,8800.0,False,False
12413.772144804,125.18118342415339,-158.30234403389954,CORNER,2600.0,6800.0,8800.0,False,False
12413.792285447,125.18118342415339,-158.30234403389954,CORNER,7000.0,7000.0,8000.0,False,False
12413.81276246,125.18118342415339,-158.30234403389954,CORNER,6600.0,6800.0,8400.0,False,False
12413.832684842,125.18118342415339,-158.30234403389954,CORNER,6600.0,6800.0,8400.0,False,False
12413.853021004,125.18118342415339,-158.30234403389954,CORNER,7200.0,6800.0,8800.0,False,False
12413.873095683,125.18118342415339,-158.30234403389954,CORNER,7000.0,6800.0,8400.0,False,False
12413.893116732,125.18118342415339,-158.30234403389954,CORNER,7200.0,7000.0,13800.0,False,False
12413.913371819,125.18118342415339,-158.30234403389954,CORNER,6600.0,2600.0,8800.0,False,False
12413.933283683,125.18118342415339,-158.30234403389954,CORNER,7200.0,6800.0,9200.0,False,False
12413.95345314,125.18118342415339,-158.30234403389954,CORNER,12400.0,7000.0,8000.0,False,False
12413.973408838,125.18118342415339,-158.30234403389954,CORNER,7000.0,7200.0,8600.0,False,False
12413.993456128,125.18118342415339,-158.30234403389954,CORNER,7000.0,7200.0,8600.0,False,False
12414.015047569,125.18118342415339,-158.30234403389954,CORNER,11000.0,6400.0,13200.0,False,False
12414.033639857,125.18118342415339,-158.30234403389954,CORNER,6400.0,7200.0,17800.0,False,False
12414.053976648,125.2116464388376,-158.82645948371606,CORNER,7200.0,7000.0,8200.0,False,False
12414.073763197,125.2116464388376,-158.82645948371606,CORNER,8200.0,7000.0,8400.0,False,False
12414.094020895,125.2116464388376,-158.82645948371606,CORNER,8200.0,7000.0,8400.0,False,False
12414.114252148,125.2116464388376,-158.82645948371606,CORNER,11000.0,6400.0,7600.0,False,False
12414.134017938,125.24153870586335,-159.3506077951433,CORNER,7400.0,7400.0,10000.0,False,False
12414.154120228,125.24153870586335,-159.3506077951433,CORNER,7200.0,6400.0,8600.0,False,False
12414.174129222,125.24153870586335,-159.3506077951433,CORNER,7200.0,7000.0,8000.0,False,False
12414.194184753,125.24153870586335,-159.3506077951433,CORNER,6800.0,6600.0,8800.0,False,False
12414.214570174,125.27010495153269,-159.87483004725436,CORNER,6800.0,7200.0,9200.0,False,False
12414.234493241,125.27010495153269,-159.87483004725436,CORNER,6800.0,7200.0,9200.0,False,False
12414.254867477,125.27010495153269,-159.87483004725436,CORNER,7200.0,7000.0,4600.0,False,False
12414.274903211,125.27010495153269,-159.87483004725436,CORNER,7000.0,7000.0,8600.0,False,False
12414.294971335,125.27010495153269,-159.87483004725436,CORNER,6800.0,6800.0,8000.0,False,False
12414.315197311,125.29900116452917,-160.3990342144206,CORNER,6800.0,7200.0,14400.0,False,False
12414.335110045,125.29900116452917,-160.3990342144206,CORNER,6600.0,7200.0,9000.0,False,False
12414.355335725,125.29900116452917,-160.3990342144206,CORNER,7200.0,6600.0,8800.0,False,False
12414.375223533,125.29900116452917,-160.3990342144206,CORNER,7400.0,6800.0,8000.0,False,False
12414.395274823,125.32864717179034,-160.9231965120475,CORNER,6600.0,6600.0,8800.0,False,False
12414.415603466,125.32864717179034,-160.9231965120475,CORNER,6800.0,6600.0,9200.0,False,False
12414.43555446,125.32864717179034,-160.9231965120475,CORNER,6800.0,6600.0,9200.0,False,False
12414.455568768,125.32864717179034,-160.9231965120475,CORNER,7200.0,7600.0,3600.0,False,False
12414.475675244,125.32864717179034,-160.9231965120475,CORNER,7200.0,7200.0,8600.0,False,False
12414.495721923,125.32864717179034,-160.9231965120475,CORNER,6800.0,6800.0,14000.0,False,False
12414.515881602,125.32864717179034,-160.9231965120475,CORNER,7200.0,2600.0,8800.0,False,False
12414.535841818,125.32864717179034,-160.9231965120475,CORNER,7200.0,6800.0,8400.0,False,False
12414.556056905,125.32864717179034,-160.9231965120475,CORNER,7400.0,11200.0,9000.0,False,False
12414.575941047,125.32864717179034,-160.9231965120475,CORNER,2800.0,6800.0,8600.0,False,False
12414.596143578,125.32864717179034,-160.9231965120475,CORNER,6800.0,6600.0,9000.0,False,False
12414.616614795,125.32864717179034,-160.9231965120475,CORNER,6800.0,6600.0,9000.0,False,False
12414.636192085,125.32864717179034,-160.9231965120475,CORNER,7200.0,7000.0,6000.0,False,False
12414.656462227,125.35626464569636,-161.4474696041808,CORNER,7000.0,7200.0,10000.0,False,False
12414.676397795,125.35626464569636,-161.4474696041808,CORNER,7600.0,11800.0,8800.0,False,False
12414.696439678,125.35626464569636,-161.4474696041808,CORNER,6800.0,6600.0,9000.0,False,False
12414.716854746,125.35626464569636,-161.4474696041808,CORNER,7000.0,6600.0,9000.0,False,False
12414.736625907,125.35626464569636,-161.4474696041808,CORNER,7000.0,6600.0,9000.0,False,False
12414.756941864,125.35626464569636,-161.4474696041808,CORNER,7000.0,7000.0,8400.0,False,False
12414.777133414,125.35626464569636,-161.4474696041808,CORNER,6800.0,7200.0,13600.0,False,False
12414.797260223,125.35626464569636,-161.4474696041808,CORNER,7400.0,8400.0,9200.0,False,False
12414.817441161,125.35626464569636,-161.4474696041808,CORNER,7400.0,8400.0,9200.0,False,False
12414.839568547,125.35626464569636,-161.4474696041808,CORNER,5200.0,14600.0,9400.0,False,False
12414.858128909,125.35626464569636,-161.4474696041808,CORNER,5200.0,14600.0,9400.0,False,False
12414.879055238,125.35626464569636,-161.4474696041808,CORNER,7000.0,0.0,10800.0,False,False
12414.898095323,125.35626464569636,-161.4474696041808,CORNER,7800.0,2800.0,5000.0,False,False
12414.918044021,125.35626464569636,-161.4474696041808,CORNER,6600.0,7200.0,8400.0,False,False
12414.939397906,125.35626464569636,-161.4474696041808,CORNER,6600.0,7200.0,8400.0,False,False
12414.960771494,125.35626464569636,-161.4474696041808,CORNER,7200.0,7200.0,11200.0,False,False
12414.980501654,125.35626464569636,-161.4474696041808,CORNER,7000.0,8000.0,9200.0,False,False
12415.000537074,125.35626464569636,-161.4474696041808,CORNER,6600.0,6400.0,8400.0,False,False
12415.021068458,125.35626464569636,-161.4474696041808,CORNER,6800.0,7000.0,8800.0,False,False
12415.040748525,125.35626464569636,-161.4474696041808,CORNER,6800.0,7000.0,8800.0,False,False
12415.060841538,125.35626464569636,-161.4474696041808,CORNER,12800.0,6800.0,5000.0,False,False
12415.080788161,125.35626464569636,-161.4474696041808,CORNER,7000.0,6600.0,8800.0,False,False
12415.100898841,125.35626464569636,-161.4474696041808,CORNER,7200.0,6600.0,13600.0,False,False
12415.121140298,125.35626464569636,-161.4474696041808,CORNER,6600.0,7200.0,8800.0,False,False
12415.141060606,125.35626464569636,-161.4474696041808,CORNER,7600.0,12000.0,8600.0,False,False
12415.161199786,125.35626464569636,-161.4474696041808,CORNER,7600.0,6600.0,8400.0,False,False
12415.181191409,125.35626464569636,-161.4474696041808,CORNER,7000.0,7000.0,8600.0,False,False
12415.201240718,125.35626464569636,-161.4474696041808,CORNER,7000.0,7000.0,8600.0,False,False
12415.221836472,125.35626464569636,-161.4474696041808,CORNER,11400.0,6800.0,7200.0,False,False
12415.241521354,125.35626464569636,-161.4474696041808,CORNER,7000.0,7000.0,12200.0,False,False
12415.261637349,125.35626464569636,-161.4474696041808,CORNER,7200.0,9800.0,9000.0,False,False
12415.281655787,125.35626464569636,-161.4474696041808,CORNER,7000.0,11200.0,8800.0,False,False
12415.301707836,125.35626464569636,-161.4474696041808,CORNER,7600.0,6800.0,8400.0,False,False
12415.321903201,125.35626464569636,-161.4474696041808,CORNER,7000.0,6400.0,8800.0,False,False
12415.341874602,125.35626464569636,-161.4474696041808,CORNER,7000.0,6400.0,8800.0,False,False
12415.362130245,125.36409562063385,-161.97241119696193,CORNER,12400.0,6800.0,6600.0,False,False
12415.382023979,125.36409562063385,-161.97241119696193,CORNER,8200.0,6800.0,14600.0,False,False
12415.402049899,125.36409562063385,-161.97241119696193,CORNER,6800.0,7200.0,9400.0,False,False
12415.422316023,125.36409562063385,-161.97241119696193,CORNER,7000.0,6600.0,8200.0,False,False
12415.442270517,125.36409562063385,-161.97241119696193,CORNER,7200.0,7000.0,8800.0,False,False
12415.462521104,125.36409562063385,-161.97241119696193,CORNER,7200.0,7000.0,8800.0,False,False
12415.482382394,125.36409562063385,-161.97241119696193,CORNER,11800.0,7000.0,7000.0,False,False
12415.502425999,125.36409562063385,-161.97241119696193,CORNER,7000.0,6600.0,8600.0,False,False
12415.522651549,125.36409562063385,-161.97241119696193,CORNER,7400.0,6800.0,14000.0,False,False
12415.542587765,125.36409562063385,-161.97241119696193,CORNER,6800.0,7200.0,9200.0,False,False
12415.562700333,125.36409562063385,-161.97241119696193,CORNER,7400.0,10800.0,8800.0,False,False
12415.582719327,125.36409562063385,-161.97241119696193,CORNER,7400.0,6800.0,8400.0,False,False
12415.602787543,125.36409562063385,-161.97241119696193,CORNER,7000.0,7000.0,8800.0,False,False
12415.623101389,125.36409562063385,-161.97241119696193,CORNER,7000.0,7000.0,8800.0,False,False
12415.643004568,125.36409562063385,-161.97241119696193,CORNER,11400.0,7000.0,5400.0,False,False
12415.663114988,125.36409562063385,-161.97241119696193,CORNER,7400.0,7200.0,14400.0,False,False
12415.683339649,125.36409562063385,-161.97241119696193,CORNER,7200.0,7200.0,9200.0,False,False
12415.703371106,125.36409562063385,-161.97241119696193,CORNER,7000.0,6800.0,9200.0,False,False
12415.723563934,125.36409562063385,-161.97241119696193,CORNER,7200.0,11400.0,9000.0,False,False
12415.74359389,125.36409562063385,-161.97241119696193,CORNER,7600.0,6200.0,8600.0,False,False
12415.763668681,125.36409562063385,-161.97241119696193,CORNER,7000.0,7000.0,8800.0,False,False
12415.783688008,125.36409562063385,-161.97241119696193,CORNER,7000.0,7000.0,8800.0,False,False
12415.803776335,125.36409562063385,-161.97241119696193,CORNER,12000.0,6800.0,7000.0,False,False
12415.824502275,125.36409562063385,-161.97241119696193,CORNER,7200.0,6800.0,9000.0,False,False
12415.844445269,125.36409562063385,-161.97241119696193,CORNER,7400.0,7000.0,8800.0,False,False
12415.864401559,125.36409562063385,-161.97241119696193,CORNER,7200.0,7000.0,15200.0,False,False
12415.884451034,125.36409562063385,-161.97241119696193,CORNER,7400.0,6800.0,9000.0,False,False
12415.904538362,125.36409562063385,-161.97241119696193,CORNER,7400.0,6600.0,8600.0,False,False
12415.924798115,125.36409562063385,-161.97241119696193,CORNER,7400.0,7200.0,8600.0,False,False
12415.944750443,125.36409562063385,-161.97241119696193,CORNER,7400.0,6800.0,8200.0,False,False
12415.964854881,125.36409562063385,-161.97241119696193,CORNER,7400.0,6800.0,8200.0,False,False
12415.98486632,125.36409562063385,-161.97241119696193,CORNER,7800.0,7000.0,6600.0,False,False
12416.004894517,125.36409562063385,-161.97241119696193,CORNER,7600.0,7000.0,8200.0,False,False
12416.025092956,125.36409562063385,-161.97241119696193,CORNER,6800.0,6800.0,14200.0,False,False
12416.045484858,125.36409562063385,-161.97241119696193,CORNER,8000.0,7800.0,9200.0,False,False
12416.0654835,125.36409562063385,-161.97241119696193,CORNER,7400.0,7200.0,9800.0,False,False
12416.085443679,125.36409562063385,-161.97241119696193,CORNER,7400.0,7200.0,9800.0,False,False
12416.105578432,125.36409562063385,-161.97241119696193,CORNER,7200.0,7200.0,9800.0,False,False
12416.125462611,125.36409562063385,-161.97241119696193,CORNER,7000.0,7000.0,16200.0,False,False
12416.145520772,125.36409562063385,-161.97241119696193,CORNER,7800.0,7000.0,8800.0,False,False
12416.165512007,125.36409562063385,-161.97241119696193,CORNER,7400.0,11600.0,9600.0,False,False
12416.185511408,125.36409562063385,-161.97241119696193,CORNER,7200.0,7000.0,9200.0,False,False
12416.205573828,125.36409562063385,-161.97241119696193,CORNER,7200.0,7000.0,9200.0,False,False
12416.225833267,125.36409562063385,-161.97241119696193,CORNER,11800.0,6800.0,6800.0,False,False
12416.245737131,125.36409562063385,-161.97241119696193,CORNER,7400.0,7600.0,14400.0,False,False
12416.265834755,125.36409562063385,-161.97241119696193,CORNER,7200.0,3000.0,8800.0,False,False
12416.285886193,125.36409562063385,-161.97241119696193,CORNER,7400.0,6600.0,8400.0,False,False
12416.305921576,125.36409562063385,-161.97241119696193,CORNER,7400.0,11000.0,8600.0,False,False
12416.3261322,125.36409562063385,-161.97241119696193,CORNER,2800.0,7400.0,10000.0,False,False
12416.346188879,125.36409562063385,-161.97241119696193,CORNER,2800.0,7400.0,10000.0,False,False
12416.366312614,125.36409562063385,-161.97241119696193,CORNER,7600.0,7000.0,4200.0,False,False
12416.386206459,125.36409562063385,-161.97241119696193,CORNER,6800.0,7000.0,8600.0,False,False
12416.406244379,125.36409562063385,-161.97241119696193,CORNER,6800.0,6800.0,8600.0,False,False
12416.426507226,125.36409562063385,-161.97241119696193,CORNER,7000.0,6800.0,8600.0,False,False
12416.446431275,125.36409562063385,-161.97241119696193,CORNER,7600.0,12200.0,8800.0,False,False
12416.466525232,125.36409562063385,-161.97241119696193,CORNER,6800.0,6400.0,8400.0,False,False
12416.486566541,125.36409562063385,-161.97241119696193,CORNER,6800.0,6400.0,8400.0,False,False
12416.506613683,125.36409562063385,-161.97241119696193,CORNER,12000.0,6600.0,6200.0,False,False
12416.526842288,125.36409562063385,-161.97241119696193,CORNER,6800.0,6200.0,8400.0,False,False
12416.546828745,125.36409562063385,-161.97241119696193,CORNER,6800.0,7000.0,14000.0,False,False
12416.566895332,125.36409562063385,-161.97241119696193,CORNER,7200.0,6800.0,8200.0,False,False
12416.586905844,125.36409562063385,-161.97241119696193,CORNER,7200.0,6800.0,8400.0,False,False
12416.607027579,125.36409562063385,-161.97241119696193,CORNER,6800.0,10600.0,8000.0,False,False
12416.627867797,125.36409562063385,-161.97241119696193,CORNER,2800.0,6400.0,9400.0,False,False
12416.647830161,125.36409562063385,-161.97241119696193,CORNER,7800.0,6400.0,8600.0,False,False
12416.667916099,125.36409562063385,-161.97241119696193,CORNER,7800.0,6400.0,8600.0,False,False
12416.687986741,125.36409562063385,-161.97241119696193,CORNER,7000.0,6800.0,4000.0,False,False
12416.708187643,125.36409562063385,-161.97241119696193,CORNER,6600.0,6600.0,8800.0,False,False
12416.728323693,125.36409562063385,-161.97241119696193,CORNER,6800.0,6400.0,8200.0,False,False
12416.748252242,125.36409562063385,-161.97241119696193,CORNER,6800.0,7000.0,14200.0,False,False
12416.768320958,125.36409562063385,-161.97241119696193,CORNER,7200.0,6600.0,8200.0,False,False
12416.788330878,125.36409562063385,-161.97241119696193,CORNER,7200.0,6800.0,8200.0,False,False
12416.808397558,125.36409562063385,-161.97241119696193,CORNER,6800.0,10800.0,8400.0,False,False
12416.828879293,125.36409562063385,-161.97241119696193,CORNER,3000.0,6400.0,8600.0,False,False
12416.848661194,125.36409562063385,-161.97241119696193,CORNER,7600.0,6400.0,8400.0,False,False
12416.868922725,125.36409562063385,-161.97241119696193,CORNER,7600.0,6400.0,8400.0,False,False
12416.888735145,125.36409562063385,-161.97241119696193,CORNER,11200.0,6800.0,17000.0,False,False
12416.90881225,125.36409562063385,-161.97241119696193,CORNER,7000.0,5400.0,8400.0,False,False
12416.929958524,125.36409562063385,-161.97241119696193,CORNER,7000.0,6600.0,8000.0,False,False
12416.949930758,125.36409562063385,-161.97241119696193,CORNER,15800.0,6600.0,8800.0,False,False
12416.970048752,125.36409562063385,-161.97241119696193,CORNER,15800.0,6600.0,8800.0,False,False
12416.990113024,125.36409562063385,-161.97241119696193,CORNER,11600.0,7000.0,13600.0,False,False
12417.010134277,125.36409562063385,-161.97241119696193,CORNER,7400.0,6600.0,8800.0,False,False
12417.030394846,125.36409562063385,-161.97241119696193,CORNER,7400.0,6400.0,13600.0,False,False
12417.05024571,125.36409562063385,-161.97241119696193,CORNER,7000.0,8200.0,9000.0,False,False
12417.070334037,125.36409562063385,-161.97241119696193,CORNER,7000.0,10800.0,9000.0,False,False
12417.09035768,125.36409562063385,-161.97241119696193,CORNER,2600.0,6800.0,9000.0,False,False
12417.110508044,125.36409562063385,-161.97241119696193,CORNER,7400.0,6800.0,8600.0,False,False
12417.130759946,125.36409562063385,-161.97241119696193,CORNER,7200.0,6800.0,8800.0,False,False
12417.150708532,125.36409562063385,-161.97241119696193,CORNER,7200.0,6800.0,8800.0,False,False
12417.170802341,125.36409562063385,-161.97241119696193,CORNER,12800.0,7000.0,6400.0,False,False
12417.190812131,125.36409562063385,-161.97241119696193,CORNER,7000.0,6600.0,9000.0,False,False
12417.210864181,125.36409562063385,-161.97241119696193,CORNER,7600.0,6800.0,9000.0,False,False
12417.234165143,125.36409562063385,-161.97241119696193,CORNER,7800.0,6600.0,14000.0,False,False
12417.252659172,125.36409562063385,-161.97241119696193,CORNER,7600.0,1000.0,9600.0,False,False
12417.272736814,125.36409562063385,-161.97241119696193,CORNER,7600.0,1000.0,9600.0,False,False
12417.292574085,125.36409562063385,-161.97241119696193,CORNER,22400.0,7800.0,16000.0,False,False
12417.312754506,125.36409562063385,-161.97241119696193,CORNER,9000.0,5200.0,10000.0,False,False
12417.333104056,125.36409562063385,-161.97241119696193,CORNER,5200.0,4400.0,14600.0,False,False
12417.353507865,125.36409562063385,-161.97241119696193,CORNER,5200.0,4400.0,14600.0,False,False
12417.374030767,125.36409562063385,-161.97241119696193,CORNER,10600.0,6600.0,10400.0,False,False
12417.392896556,125.36409562063385,-161.97241119696193,CORNER,10600.0,6600.0,10400.0,False,False
12417.412732383,125.36409562063385,-161.97241119696193,CORNER,14200.0,7200.0,14200.0,False,False
12417.432768006,125.36409562063385,-161.97241119696193,CORNER,7400.0,7000.0,14400.0,False,False
12417.452896908,125.36409562063385,-161.97241119696193,CORNER,7000.0,5800.0,10400.0,False,False
12417.473233384,125.36409562063385,-161.97241119696193,CORNER,3800.0,7000.0,8200.0,False,False
12417.492970118,125.36409562063385,-161.97241119696193,CORNER,7000.0,7400.0,9200.0,False,False
12417.513017408,125.36409562063385,-161.97241119696193,CORNER,7000.0,7400.0,9200.0,False,False
12417.533251199,125.36409562063385,-161.97241119696193,CORNER,12400.0,7000.0,6400.0,False,False
12417.553218878,125.36409562063385,-161.97241119696193,CORNER,7000.0,6800.0,8800.0,False,False
12417.573326761,125.36409562063385,-161.97241119696193,CORNER,7600.0,7400.0,14200.0,False,False
12417.593400496,125.36409562063385,-161.97241119696193,CORNER,6800.0,2600.0,8800.0,False,False
12417.61343636,125.36409562063385,-161.97241119696193,CORNER,7200.0,7000.0,9400.0,False,False
12417.633748873,125.36409562063385,-161.97241119696193,CORNER,7400.0,11600.0,9000.0,False,False
12417.6535812,125.36409562063385,-161.97241119696193,CORNER,6600.0,7200.0,9400.0,False,False
12417.673631065,125.36409562063385,-161.97241119696193,CORNER,6600.0,7200.0,9400.0,False,False
12417.693652077,125.36409562063385,-161.97241119696193,CORNER,11800.0,7000.0,13000.0,False,False
12417.713655793,125.36409562063385,-161.97241119696193,CORNER,7200.0,7000.0,8600.0,False,False
12417.734025436,125.36409562063385,-161.97241119696193,CORNER,7400.0,7000.0,8800.0,False,False
12417.753806152,125.36409562063385,-161.97241119696193,CORNER,6600.0,7000.0,9600.0,False,False
12417.773926831,125.36409562063385,-161.97241119696193,CORNER,7600.0,11200.0,8600.0,False,False
12417.79395401,125.36409562063385,-161.97241119696193,CORNER,2600.0,7000.0,8400.0,False,False
12417.814113986,125.36409562063385,-161.97241119696193,CORNER,7200.0,7400.0,8800.0,False,False
12417.834268295,125.36409562063385,-161.97241119696193,CORNER,7200.0,7400.0,8800.0,False,False
12417.854201845,125.36409562063385,-161.97241119696193,CORNER,7400.0,7400.0,10400.0,False,False
12417.87427382,125.36409562063385,-161.97241119696193,CORNER,7600.0,7600.0,9400.0,False,False
12417.894305536,125.36409562063385,-161.97241119696193,CORNER,7400.0,6600.0,9000.0,False,False
12417.914347345,125.36409562063385,-161.97241119696193,CORNER,7200.0,11400.0,8800.0,False,False
12417.93459671,125.36409562063385,-161.97241119696193,CORNER,3200.0,7600.0,11000.0,False,False
12417.954510667,125.36409562063385,-161.97241119696193,CORNER,3200.0,7600.0,11000.0,False,False
12417.974594364,125.36409562063385,-161.97241119696193,CORNER,7600.0,7400.0,10000.0,False,False
12417.994633747,125.36409562063385,-161.97241119696193,CORNER,7600.0,7000.0,8600.0,False,False
12418.014694112,125.36409562063385,-161.97241119696193,CORNER,7200.0,7000.0,14400.0,False,False
12418.034957162,125.36409562063385,-161.97241119696193,CORNER,7600.0,3000.0,7200.0,False,False
12418.054879952,125.36409562063385,-161.97241119696193,CORNER,7400.0,7000.0,8800.0,False,False
12418.074963428,125.36409562063385,-161.97241119696193,CORNER,7600.0,11800.0,8600.0,False,False
12418.095197496,125.36409562063385,-161.97241119696193,CORNER,3000.0,7000.0,8400.0,False,False
12418.115110619,125.36409562063385,-161.97241119696193,CORNER,7400.0,7600.0,9400.0,False,False
12418.135959652,125.36409562063385,-161.97241119696193,CORNER,7400.0,7600.0,9400.0,False,False
12418.155528941,125.36409562063385,-161.97241119696193,CORNER,8000.0,7000.0,10400.0,False,False
12418.175630158,125.36409562063385,-161.97241119696193,CORNER,7000.0,12000.0,9600.0,False,False
12418.195643078,125.36409562063385,-161.97241119696193,CORNER,7600.0,6800.0,8800.0,False,False
12418.215676535,125.36409562063385,-161.97241119696193,CORNER,7400.0,11200.0,9000.0,False,False
12418.235930362,125.36409562063385,-161.97241119696193,CORNER,3400.0,7200.0,10400.0,False,False
12418.255852615,125.36409562063385,-161.97241119696193,CORNER,3400.0,7200.0,10400.0,False,False
12418.276129369,125.36409562063385,-161.97241119696193,CORNER,7600.0,7000.0,5600.0,False,False
12418.296144474,125.36409562063385,-161.97241119696193,CORNER,7400.0,7000.0,8400.0,False,False
12418.316090801,125.36409562063385,-161.97241119696193,CORNER,7000.0,6800.0,15400.0,False,False
12418.336550833,125.36409562063385,-161.97241119696193,CORNER,7600.0,2400.0,8800.0,False,False
12418.356297493,125.36409562063385,-161.97241119696193,CORNER,8400.0,13600.0,10000.0,False,False
12418.376419117,125.36409562063385,-161.97241119696193,CORNER,8400.0,13600.0,10000.0,False,False
12418.396394167,125.36409562063385,-161.97241119696193,CORNER,12800.0,7400.0,6000.0,False,False
12418.416428568,125.36409562063385,-161.97241119696193,CORNER,7200.0,6800.0,8600.0,False,False
12418.436797674,125.36409562063385,-161.97241119696193,CORNER,7200.0,7200.0,15000.0,False,False
12418.456738112,125.36409562063385,-161.97241119696193,CORNER,8000.0,7600.0,9000.0,False,False
12418.476923347,125.36409562063385,-161.97241119696193,CORNER,7400.0,7400.0,9200.0,False,False
12418.496923563,125.36409562063385,-161.97241119696193,CORNER,7600.0,6800.0,8800.0,False,False
12418.516950946,125.36409562063385,-161.97241119696193,CORNER,7200.0,7000.0,9200.0,False,False
12418.537127829,125.36409562063385,-161.97241119696193,CORNER,7200.0,7000.0,9200.0,False,False
12418.55707249,125.36409562063385,-161.97241119696193,CORNER,7400.0,7400.0,10000.0,False,False
12418.577148373,125.36409562063385,-161.97241119696193,CORNER,7200.0,6800.0,14800.0,False,False
12418.597298885,125.36409562063385,-161.97241119696193,CORNER,7800.0,7000.0,9000.0,False,False
12418.617268231,125.36409562063385,-161.97241119696193,CORNER,7200.0,6800.0,8800.0,False,False
12418.637689874,125.36409562063385,-161.97241119696193,CORNER,7400.0,11600.0,9400.0,False,False
12418.657473831,125.36409562063385,-161.97241119696193,CORNER,7400.0,11600.0,9400.0,False,False
12418.677578491,125.36409562063385,-161.97241119696193,CORNER,8000.0,7600.0,4200.0,False,False
12418.69771656,125.36409562063385,-161.97241119696193,CORNER,7200.0,7400.0,8800.0,False,False
12418.717613942,125.36409562063385,-161.97241119696193,CORNER,7400.0,6600.0,14800.0,False,False
12418.73782577,125.36409562063385,-161.97241119696193,CORNER,7600.0,7200.0,8800.0,False,False
12418.757771671,125.36409562063385,-161.97241119696193,CORNER,8000.0,7200.0,9400.0,False,False
12418.777934369,125.36409562063385,-161.97241119696193,CORNER,7400.0,7200.0,9400.0,False,False
12418.797893474,125.36409562063385,-161.97241119696193,CORNER,7400.0,6800.0,8800.0,False,False
12418.817932339,125.36409562063385,-161.97241119696193,CORNER,7400.0,6800.0,8800.0,False,False
12418.838362556,125.36409562063385,-161.97241119696193,CORNER,11600.0,7000.0,14000.0,False,False
12418.858560346,125.36409562063385,-161.97241119696193,CORNER,7200.0,7200.0,9400.0,False,False
12418.878543785,125.36409562063385,-161.97241119696193,CORNER,7400.0,7000.0,15600.0,False,False
12418.898457852,125.36409562063385,-161.97241119696193,CORNER,7600.0,7400.0,8600.0,False,False
12418.918465569,125.36409562063385,-161.97241119696193,CORNER,7400.0,7000.0,8600.0,False,False
12418.938724822,125.36409562063385,-161.97241119696193,CORNER,7200.0,11600.0,9600.0,False,False
12418.958666687,125.36409562063385,-161.97241119696193,CORNER,8000.0,7800.0,9000.0,False,False
12418.978913311,125.36409562063385,-161.97241119696193,CORNER,8000.0,7800.0,9000.0,False,False
12418.998784193,125.36409562063385,-161.97241119696193,CORNER,7200.0,7400.0,5000.0,False,False
12419.018853391,125.36409562063385,-161.97241119696193,CORNER,7400.0,6600.0,8800.0,False,False
12419.039081256,125.36409562063385,-161.97241119696193,CORNER,7000.0,6800.0,14600.0,False,False
12419.059002713,125.36409562063385,-161.97241119696193,CORNER,7200.0,8600.0,9000.0,False,False
12419.079387022,125.36409562063385,-161.97241119696193,CORNER,7200.0,11000.0,9000.0,False,False
12419.099181775,125.36409562063385,-161.97241119696193,CORNER,3000.0,6800.0,8600.0,False,False
12419.119109287,125.36409562063385,-161.97241119696193,CORNER,7800.0,6800.0,8800.0,False,False
12419.139381319,125.36409562063385,-161.97241119696193,CORNER,7800.0,6800.0,8800.0,False,False
12419.159375646,125.36409562063385,-161.97241119696193,CORNER,7400.0,8000.0,10000.0,False,False
12419.179619641,125.36409562063385,-161.97241119696193,CORNER,7600.0,6800.0,8800.0,False,False
12419.199560801,125.36409562063385,-161.97241119696193,CORNER,7400.0,6600.0,14600.0,False,False
12419.219624221,125.36409562063385,-161.97241119696193,CORNER,7200.0,2600.0,8200.0,False,False
12419.240067457,125.36409562063385,-161.97241119696193,CORNER,6800.0,6600.0,8600.0,False,False
